-- phpMyAdmin SQL Dump
-- version 4.9.0.1
-- https://www.phpmyadmin.net/
--
-- Host: 127.0.0.1
-- Generation Time: Sep 17, 2019 at 11:53 AM
-- Server version: 10.4.6-MariaDB
-- PHP Version: 7.3.8

SET SQL_MODE = "NO_AUTO_VALUE_ON_ZERO";
SET AUTOCOMMIT = 0;
START TRANSACTION;
SET time_zone = "+00:00";


/*!40101 SET @OLD_CHARACTER_SET_CLIENT=@@CHARACTER_SET_CLIENT */;
/*!40101 SET @OLD_CHARACTER_SET_RESULTS=@@CHARACTER_SET_RESULTS */;
/*!40101 SET @OLD_COLLATION_CONNECTION=@@COLLATION_CONNECTION */;
/*!40101 SET NAMES utf8mb4 */;

--
-- Database: `ppfo_inventory`
--

-- --------------------------------------------------------

--
-- Table structure for table `accounts`
--

CREATE TABLE `accounts` (
  `id` int(11) NOT NULL,
  `username` varchar(32) NOT NULL,
  `password` varchar(32) NOT NULL,
  `full_name` varchar(64) NOT NULL,
  `account_type` varchar(32) NOT NULL
) ENGINE=InnoDB DEFAULT CHARSET=latin1;

--
-- Dumping data for table `accounts`
--

INSERT INTO `accounts` (`id`, `username`, `password`, `full_name`, `account_type`) VALUES
(1, 'ronie', 'ronie', 'Ronie Bituin', 'admin'),
(2, 'user', 'user', 'Default User', 'lab_assistant'),
(3, 'marvin', 'marvin', 'Marvin Reyes', 'admin'),
(4, 'admin', 'admin', 'Default Admin', 'admin'),
(5, 'assistant', 'assistant', 'Default Lab Assistant', 'lab_assistant'),
(6, 'maintenance', 'maintenance', 'Default Maintenance', 'maintenance'),
(7, 'PPFO', 'PPFO', 'Default PPFO', 'ppfo'),
(8, 'president', 'president', 'President', 'president'),
(9, 'dean', 'dean', 'Sample', 'lab_assistant');

-- --------------------------------------------------------

--
-- Table structure for table `aircon`
--

CREATE TABLE `aircon` (
  `id` int(11) NOT NULL,
  `aircon_id` varchar(128) NOT NULL,
  `brand` varchar(128) NOT NULL,
  `type` varchar(128) NOT NULL
) ENGINE=InnoDB DEFAULT CHARSET=latin1;

--
-- Dumping data for table `aircon`
--

INSERT INTO `aircon` (`id`, `aircon_id`, `brand`, `type`) VALUES
(1, '118', 'sample', 'window'),
(2, '121', 'CONDURA', 'window'),
(3, '122', 'IDEC', 'split_air'),
(4, '123', 'CONDURA', 'window'),
(5, '124', 'CONDURA', 'window'),
(6, '125', 'IDEC', 'split_air'),
(7, '126', 'CONDURA', 'window'),
(8, '127', 'IDEC', 'split_air'),
(9, '128', 'CONDURA', 'window'),
(10, '129', 'CONDURA', 'window'),
(11, '130', 'IDEC', 'split_air'),
(12, '131', 'CONDURA', 'window'),
(13, '132', 'CONDURA', 'window'),
(14, '133', 'IDEC', 'split_air'),
(15, '134', 'CONDURA', 'window'),
(16, '135', 'CONDURA', 'window'),
(17, '136', 'IDEC', 'split_air'),
(18, '137', 'CONDURA', 'window'),
(19, '138', 'CONDURA', 'window');

-- --------------------------------------------------------

--
-- Table structure for table `building`
--

CREATE TABLE `building` (
  `building_id` int(11) NOT NULL,
  `building_name` varchar(128) NOT NULL,
  `building_code` varchar(32) NOT NULL,
  `building_description` text NOT NULL,
  `added_by` varchar(128) NOT NULL
) ENGINE=InnoDB DEFAULT CHARSET=latin1;

--
-- Dumping data for table `building`
--

INSERT INTO `building` (`building_id`, `building_name`, `building_code`, `building_description`, `added_by`) VALUES
(1, 'I.T BUILDING', 'I.TBU001', 'I.T Building in front of SPCF', 'ronie'),
(2, 'CHM', 'CHM002', 'CHM at the back!', 'ronie'),
(3, 'SENIOR HIGH SCHOOL BUILDING', 'SENIO003', 'Senior High School Building at the back', 'ronie'),
(4, 'SPCF CALOOCAN', 'SPCFC004', 'Building in Manila', 'ronie'),
(5, 'MIRANDA', 'MIRAN005', 'Miranda lol', 'ronie'),
(6, 'SAINT JOSEPH', 'SAINT006', 'Saint JosephSaint Joseph', 'ronie'),
(7, 'RIZAL', 'RIZAL007', 'Rizal', 'ronie'),
(8, 'SPCF SAN FERNANDO', 'SPCFS008', 'SPCF SAN FERNANDO for the WIN', 'ronie'),
(9, 'LOURDES', 'LOURD009', 'Lourdes Building', 'ronie'),
(10, 'AARON BUILDING', 'AARON0010', 'Sa likod', 'Default Admin'),
(11, 'MT. CARMEL', 'MT.CA0011', 'MT. CARMEL BUILDING', 'Default Admin');

-- --------------------------------------------------------

--
-- Table structure for table `context_logs`
--

CREATE TABLE `context_logs` (
  `id` int(11) NOT NULL,
  `username` varchar(32) NOT NULL,
  `description` text NOT NULL,
  `type` varchar(32) NOT NULL,
  `date_added` timestamp NOT NULL DEFAULT current_timestamp()
) ENGINE=InnoDB DEFAULT CHARSET=latin1;

--
-- Dumping data for table `context_logs`
--

INSERT INTO `context_logs` (`id`, `username`, `description`, `type`, `date_added`) VALUES
(1, 'ronie', 'Added LABORATORY NAME: ASD with ID: 7 and  CODE:ASD007 from Building ID: 7', 'addition', '2019-07-10 03:25:12'),
(2, 'ronie', 'Added LABORATORY NAME: ASD with ID: 8 and  CODE:ASD008 from Building ID: 6', 'addition', '2019-07-10 03:25:23'),
(3, 'ronie', 'Changed from LABORATORY NAME: ASD, to: ASD234234, DESCRIPTION: asd to: asd23423423 234 asdfkh akjsdh kjadh kjahsd k and CODE: ASD008to ASD23008', 'update', '2019-07-10 03:25:31'),
(4, 'ronie', 'Deleted LABORATORY NAME: ASD234234 with this LABORATORY CODE: ASD23008', 'deletion', '2019-07-10 03:26:39'),
(5, 'ronie', 'Added 5 number of PC(s) in Lab ID: 1 from Building ID: 1', 'addition', '2019-07-10 03:32:29'),
(6, 'user', 'Added 2 number of PC(s) in Lab ID: 2 from Building ID: 2', 'addition', '2019-07-10 03:33:03'),
(7, 'ronie', 'Added PERIPHERALS to Unit PC with and ID: 2', 'addition', '0000-00-00 00:00:00'),
(8, 'ronie', 'Added: PERIPHERALS with TYPE: Monitor, BRAND: AASCONDITION: Not Working', 'addition', '2019-07-10 08:32:59'),
(9, 'ronie', 'Added: PERIPHERALS with TYPE: HDD, BRAND: ASDCONDITION: Not Working', 'addition', '2019-07-10 08:34:18'),
(10, 'ronie', 'Added: PERIPHERALS with TYPE: AVR, BRAND: ASDCONDITION: Not Working', 'addition', '2019-07-10 10:36:06'),
(11, 'ronie', 'Added: PERIPHERALS with TYPE: Headset, BRAND: 12CONDITION: Not Working', 'addition', '2019-07-10 10:38:23'),
(12, 'ronie', 'Added: PERIPHERALS with TYPE: Mouse, BRAND: ASDCONDITION: working', 'addition', '2019-07-10 10:39:27'),
(13, 'ronie', 'Added: PERIPHERALS with TYPE: Monitor, BRAND: ASDCONDITION: Not Working', 'addition', '2019-07-10 10:45:28'),
(14, 'ronie', 'Added: PERIPHERALS with TYPE: Mouse, BRAND: QWEADCONDITION: Not Working', 'addition', '2019-07-10 10:45:58'),
(15, 'ronie', 'Added: PERIPHERALS with TYPE: Monitor, BRAND: 5CONDITION: working', 'addition', '2019-07-10 10:47:19'),
(16, 'ronie', 'Added: PERIPHERALS with TYPE: Headset, BRAND: ASDCONDITION: Not Working', 'addition', '2019-07-11 01:31:28'),
(17, 'ronie', 'Added: PERIPHERALS with TYPE: Monitor, BRAND: SDFCONDITION: working', 'addition', '2019-07-11 01:31:49'),
(26, 'ronie', 'Deleted BUILDING NAME:  with this BUILDING CODE: ', 'deletion', '2019-07-11 01:37:08'),
(27, 'ronie', 'Deleted BUILDING NAME:  with this BUILDING CODE: ', 'deletion', '2019-07-11 01:37:09'),
(28, 'ronie', 'Added: PERIPHERALS with TYPE: Monitor, BRAND: ZXCCONDITION: working', 'addition', '2019-07-11 01:37:20'),
(29, 'ronie', 'Added: PERIPHERALS with TYPE: Monitor, BRAND: ASDCONDITION: working', 'addition', '2019-07-11 01:39:23'),
(30, 'ronie', 'Added: PERIPHERALS with TYPE: Keyboard, BRAND: 12321CONDITION: working', 'addition', '2019-07-11 02:15:11'),
(31, 'ronie', 'Added: PERIPHERALS with TYPE: Mouse, BRAND: 123CONDITION: Not Working', 'addition', '2019-07-11 02:15:33'),
(32, 'ronie', 'Added: PERIPHERALS with TYPE: Monitor, BRAND: ASDCONDITION: Not Working', 'addition', '2019-07-11 03:25:02'),
(33, 'ronie', 'Added: PERIPHERALS with TYPE: Monitor, BRAND: ASDCONDITION: Not Working', 'addition', '2019-07-11 03:25:46'),
(34, 'ronie', 'Added: PERIPHERALS with TYPE: HDD, BRAND: 334CONDITION: Not Working', 'addition', '2019-07-11 03:26:26'),
(35, 'ronie', 'Added: PERIPHERALS with TYPE: Keyboard, BRAND: ASDCONDITION: Not Working', 'addition', '2019-07-11 03:27:02'),
(36, 'ronie', 'Added: PERIPHERALS with TYPE: Monitor, BRAND: DFGDFGCONDITION: working', 'addition', '2019-07-11 03:35:51'),
(37, 'ronie', 'Added: PERIPHERALS with TYPE: AVR, BRAND: ASDCONDITION: Not Working', 'addition', '2019-07-11 03:42:42'),
(38, 'ronie', 'Added: PERIPHERALS with TYPE: Headset, BRAND: 1CONDITION: working', 'addition', '2019-07-11 03:44:02'),
(39, 'ronie', 'Added: PERIPHERALS with TYPE: CPU, BRAND: 1CONDITION: working', 'addition', '2019-07-11 03:45:21'),
(40, 'ronie', 'Added: PERIPHERALS with TYPE: Monitor, BRAND: 23CONDITION: working', 'addition', '2019-07-11 03:57:34'),
(41, 'ronie', 'Added: PERIPHERALS with TYPE: RAM, BRAND: 4545CONDITION: Not Working', 'addition', '2019-07-11 03:59:46'),
(42, 'ronie', 'Added: PERIPHERALS with TYPE: GPU, BRAND: GPUCONDITION: notWorking', 'addition', '2019-07-11 04:03:29'),
(43, 'ronie', 'Added: PERIPHERALS with TYPE: GPU, BRAND: ASDASDCONDITION: Not Working', 'addition', '2019-07-11 04:04:08'),
(44, 'ronie', 'Added: PERIPHERAL with TYPE: Motherboard, BRAND: ASDASDCONDITION: Not Working', 'addition', '2019-07-12 01:06:47'),
(45, '', 'Added 30 total number of PC(s) in Lab ID: 9 from Building ID: 9', 'addition', '2019-07-18 03:03:36'),
(46, 'ronie', 'Added PERIPHERALS to Unit PC with and ID: 8', 'addition', '2019-07-18 03:05:12'),
(47, 'ronie', 'Added PERIPHERALS to Unit PC with and ID: 3', 'addition', '2019-08-05 03:40:39'),
(48, '', 'Added 5 total number of PC(s) in Lab ID:  from Building ID: ', 'addition', '2019-08-08 08:45:22'),
(49, '', 'Added  total number of PC(s) in Lab ID:  from Building ID: 6', 'addition', '2019-08-08 08:52:54'),
(50, '', 'Added 2 total number of PC(s) in Lab ID:  from Building ID: 1', 'addition', '2019-08-08 08:54:24'),
(51, '', 'Added  total number of PC(s) in Lab ID:  from Building ID: 6', 'addition', '2019-08-08 08:55:28'),
(52, '', 'Added 5 total number of PC(s) in Lab ID: 2 from Building ID: 2', 'addition', '2019-08-08 08:58:21'),
(53, '', 'Added 5 total number of PC(s) in Lab ID: 2 from Building ID: 2', 'addition', '2019-08-08 08:59:01'),
(54, '', 'Added 5 total number of PC(s) in Lab ID: 2 from Building ID: 2', 'addition', '2019-08-08 09:02:53'),
(55, '', 'Added 1 total number of PC(s) in Lab ID: 2 from Building ID: 2', 'addition', '2019-08-08 09:03:06'),
(56, '', 'Added 5 total number of PC(s) in Lab ID: 2 from Building ID: 2', 'addition', '2019-08-08 09:04:37'),
(57, '', 'Added 1 total number of PC(s) in Lab ID: 2 from Building ID: 2', 'addition', '2019-08-08 09:04:42'),
(58, '', 'Added 1 total number of PC(s) in Lab ID: 2 from Building ID: 2', 'addition', '2019-08-08 09:06:01'),
(59, '', 'Added 5 total number of PC(s) in Lab ID: 3 from Building ID: 4', 'addition', '2019-08-09 06:48:34'),
(60, 'Ronie Bituin', 'Added PERIPHERALS to Unit PC with and ID: 3', 'addition', '2019-08-21 03:15:58'),
(61, 'Default Admin', 'Added 1 total number of PC(s) in Lab ID: 4 from Building ID: 1', 'addition', '2019-08-23 02:01:21'),
(62, 'Default Admin', 'Added 1 total number of PC(s) in Lab ID: 1 from Building ID: 1', 'addition', '2019-08-23 02:01:36'),
(63, 'Marvin Reyes', 'Added 3 total number of PC(s) in Lab ID: 7 from Building ID: 7', 'addition', '2019-08-23 02:16:45'),
(64, 'Marvin Reyes', 'Added 3 total number of PC(s) in Lab ID: 7 from Building ID: 7', 'addition', '2019-08-23 02:17:11'),
(65, 'Marvin Reyes', 'Added 20 total number of PC(s) in Lab ID: 11 from Building ID: 7', 'addition', '2019-08-23 02:25:08'),
(66, 'Default Admin', 'Added 10 total number of PC(s) in Lab ID: 4 from Building ID: 1', 'addition', '2019-08-27 01:13:50'),
(67, 'Default Admin', 'Added PERIPHERALS to Unit PC with and ID: 1', 'addition', '2019-08-27 01:23:45'),
(68, 'Default Admin', 'Added PERIPHERALS to Unit PC with and ID: 2', 'addition', '2019-08-27 01:28:28'),
(69, 'Default Admin', 'Added PERIPHERALS to Unit PC with and ID: 3', 'addition', '2019-08-27 01:33:17'),
(70, 'Default Admin', 'Added PERIPHERALS to Unit PC with and ID: 4', 'addition', '2019-08-27 01:39:20'),
(71, 'Default Admin', 'Added PERIPHERALS to Unit PC with and ID: 5', 'addition', '2019-08-27 01:44:45'),
(72, 'Default Admin', 'Added PERIPHERALS to Unit PC with and ID: 6', 'addition', '2019-08-27 01:48:05'),
(73, 'Default Admin', 'Added PERIPHERALS to Unit PC with and ID: 7', 'addition', '2019-08-27 01:51:39'),
(74, 'Default Admin', 'Added PERIPHERALS to Unit PC with and ID: 8', 'addition', '2019-08-27 01:55:00'),
(75, 'Default Admin', 'Added PERIPHERALS to Unit PC with and ID: 9', 'addition', '2019-08-27 01:58:04'),
(76, 'Default Admin', 'Added PERIPHERALS to Unit PC with and ID: 10', 'addition', '2019-08-27 02:01:05'),
(77, 'Default Admin', 'Added 28 total number of PC(s) in Lab ID: 12 from Building ID: 11', 'addition', '2019-08-27 02:03:29'),
(78, 'Default Admin', 'Added PERIPHERALS to Unit PC with and ID: 11', 'addition', '2019-08-27 02:10:18'),
(79, 'Default Admin', 'Added PERIPHERALS to Unit PC with and ID: 12', 'addition', '2019-08-27 02:14:23'),
(80, 'Default Admin', 'Added PERIPHERALS to Unit PC with and ID: 13', 'addition', '2019-08-27 02:21:00'),
(81, 'Default Admin', 'Added PERIPHERALS to Unit PC with and ID: 14', 'addition', '2019-08-27 02:25:38'),
(82, 'Default Admin', 'Added PERIPHERALS to Unit PC with and ID: 15', 'addition', '2019-08-27 02:29:55'),
(83, 'Default Admin', 'Added PERIPHERALS to Unit PC with and ID: 16', 'addition', '2019-08-27 02:35:44'),
(84, 'Default Admin', 'Added PERIPHERALS to Unit PC with and ID: 17', 'addition', '2019-08-27 02:41:28'),
(85, 'Default Admin', 'Added PERIPHERALS to Unit PC with and ID: 18', 'addition', '2019-08-27 02:45:50'),
(86, 'Default Admin', 'Added PERIPHERALS to Unit PC with and ID: 19', 'addition', '2019-08-27 03:14:45'),
(87, 'Default Admin', 'Added PERIPHERALS to Unit PC with and ID: 20', 'addition', '2019-08-27 03:19:55'),
(88, 'Default Admin', 'Added PERIPHERALS to Unit PC with and ID: 21', 'addition', '2019-08-27 03:27:08'),
(89, 'Default Admin', 'Added PERIPHERALS to Unit PC with and ID: 22', 'addition', '2019-08-27 03:30:19'),
(90, 'Default Admin', 'Added PERIPHERALS to Unit PC with and ID: 23', 'addition', '2019-08-27 03:35:32'),
(91, 'Default Admin', 'Added PERIPHERALS to Unit PC with and ID: 24', 'addition', '2019-08-28 23:50:12'),
(92, 'Default Admin', 'Added PERIPHERALS to Unit PC with and ID: 25', 'addition', '2019-08-28 23:53:47'),
(93, 'Default Admin', 'Added PERIPHERALS to Unit PC with and ID: 26', 'addition', '2019-08-28 23:56:50'),
(94, 'Default Admin', 'Added PERIPHERALS to Unit PC with and ID: 27', 'addition', '2019-08-28 23:59:45'),
(95, 'Default Admin', 'Added PERIPHERALS to Unit PC with and ID: 28', 'addition', '2019-08-29 00:02:21'),
(96, 'Default Admin', 'Added PERIPHERALS to Unit PC with and ID: 29', 'addition', '2019-08-29 00:05:10'),
(97, 'Default Admin', 'Added PERIPHERALS to Unit PC with and ID: 30', 'addition', '2019-08-29 00:08:10'),
(98, 'Default Admin', 'Added PERIPHERALS to Unit PC with and ID: 30', 'addition', '2019-08-29 00:08:10'),
(99, 'Default Admin', 'Added PERIPHERALS to Unit PC with and ID: 31', 'addition', '2019-08-29 00:11:11'),
(100, 'Default Admin', 'Added PERIPHERALS to Unit PC with and ID: 32', 'addition', '2019-08-29 00:14:01'),
(101, 'Default Admin', 'Added PERIPHERALS to Unit PC with and ID: 33', 'addition', '2019-08-29 00:16:39'),
(102, 'Default Admin', 'Added PERIPHERALS to Unit PC with and ID: 34', 'addition', '2019-08-29 00:19:34'),
(103, 'Default Admin', 'Added PERIPHERALS to Unit PC with and ID: 35', 'addition', '2019-08-29 00:21:55'),
(104, 'Default Admin', 'Added PERIPHERALS to Unit PC with and ID: 36', 'addition', '2019-08-29 00:24:12'),
(105, 'Default Admin', 'Added PERIPHERALS to Unit PC with and ID: 37', 'addition', '2019-08-29 00:26:43'),
(106, 'Default Admin', 'Added PERIPHERALS to Unit PC with and ID: 38', 'addition', '2019-08-29 00:29:08'),
(107, 'Default Admin', 'Added 1 total number of PC(s) in Lab ID: 12 from Building ID: 11', 'addition', '2019-08-29 00:29:39'),
(108, 'Default Admin', 'Added PERIPHERALS to Unit PC with and ID: 39', 'addition', '2019-08-29 00:32:28'),
(109, 'Default Admin', 'Added 10 total number of PC(s) in Lab ID: 1 from Building ID: 1', 'addition', '2019-08-30 05:47:08'),
(110, 'Default Admin', 'Added 5 total number of PC(s) in Lab ID: 14 from Building ID: 1', 'addition', '2019-08-30 05:59:54'),
(111, 'Default Admin', 'Added 5 total number of PC(s) in Lab ID: 14 from Building ID: 1', 'addition', '2019-08-30 06:00:16'),
(112, 'Default Admin', 'Added 30 total number of PC(s) in Lab ID: 14 from Building ID: 1', 'addition', '2019-09-02 02:07:42'),
(113, 'Default Admin', 'Added 6 total number of PC(s) in Lab ID: 14 from Building ID: 1', 'addition', '2019-09-02 02:07:53'),
(114, 'Default Admin', 'Added PERIPHERALS to Unit PC with and ID: 60', 'addition', '2019-09-02 02:29:43'),
(115, 'Default Admin', 'Added PERIPHERALS to Unit PC with and ID: 61', 'addition', '2019-09-02 02:34:27'),
(116, 'Default Admin', 'Added PERIPHERALS to Unit PC with and ID: 62', 'addition', '2019-09-02 02:43:02'),
(117, 'Default Admin', 'Added PERIPHERALS to Unit PC with and ID: 63', 'addition', '2019-09-02 02:46:47'),
(118, 'Default Admin', 'Added PERIPHERALS to Unit PC with and ID: 64', 'addition', '2019-09-02 02:50:45'),
(119, 'Default Admin', 'Added PERIPHERALS to Unit PC with and ID: 65', 'addition', '2019-09-02 02:55:36'),
(120, 'Default Admin', 'Added 29 total number of PC(s) in Lab ID: 15 from Building ID: 1', 'addition', '2019-09-02 02:56:42'),
(121, 'Default Admin', 'Added PERIPHERALS to Unit PC with and ID: 66', 'addition', '2019-09-02 02:58:51'),
(122, 'Default Admin', 'Added PERIPHERALS to Unit PC with and ID: 67', 'addition', '2019-09-02 03:04:23'),
(123, 'Default Admin', 'Added PERIPHERALS to Unit PC with and ID: 68', 'addition', '2019-09-02 03:09:57'),
(124, 'Default Admin', 'Added PERIPHERALS to Unit PC with and ID: 69', 'addition', '2019-09-02 03:13:28'),
(125, 'Default Admin', 'Added PERIPHERALS to Unit PC with and ID: 96', 'addition', '2019-09-02 03:14:01'),
(126, 'Default Admin', 'Added PERIPHERALS to Unit PC with and ID: 70', 'addition', '2019-09-02 03:19:47'),
(127, 'Default Admin', 'Added PERIPHERALS to Unit PC with and ID: 97', 'addition', '2019-09-02 03:22:46'),
(128, 'Default Admin', 'Added PERIPHERALS to Unit PC with and ID: 71', 'addition', '2019-09-02 03:26:03'),
(129, 'Default Admin', 'Added PERIPHERALS to Unit PC with and ID: 98', 'addition', '2019-09-02 03:26:27'),
(130, 'Default Admin', 'Added PERIPHERALS to Unit PC with and ID: 99', 'addition', '2019-09-02 03:36:44'),
(131, 'Default Admin', 'Added PERIPHERALS to Unit PC with and ID: 100', 'addition', '2019-09-02 03:39:54'),
(132, 'Default Admin', 'Added PERIPHERALS to Unit PC with and ID: 101', 'addition', '2019-09-02 03:42:59'),
(133, 'Default Admin', 'Added PERIPHERALS to Unit PC with and ID: 72', 'addition', '2019-09-02 03:46:10'),
(134, 'Default Admin', 'Added PERIPHERALS to Unit PC with and ID: 102', 'addition', '2019-09-02 03:46:37'),
(135, 'Default Admin', 'Added PERIPHERALS to Unit PC with and ID: 73', 'addition', '2019-09-02 03:49:16'),
(136, 'Default Admin', 'Added PERIPHERALS to Unit PC with and ID: 103', 'addition', '2019-09-02 03:50:03'),
(137, 'Default Admin', 'Added PERIPHERALS to Unit PC with and ID: 104', 'addition', '2019-09-02 03:52:21'),
(138, 'Default Admin', 'Added PERIPHERALS to Unit PC with and ID: 74', 'addition', '2019-09-02 03:53:40'),
(139, 'Default Admin', 'Added PERIPHERALS to Unit PC with and ID: 105', 'addition', '2019-09-02 03:57:29'),
(140, 'Default Admin', 'Added PERIPHERALS to Unit PC with and ID: 75', 'addition', '2019-09-02 03:57:43'),
(141, 'Default Admin', 'Added PERIPHERALS to Unit PC with and ID: 106', 'addition', '2019-09-02 04:00:10'),
(142, 'Default Admin', 'Added PERIPHERALS to Unit PC with and ID: 76', 'addition', '2019-09-02 04:00:51'),
(143, 'Default Admin', 'Added PERIPHERALS to Unit PC with and ID: 107', 'addition', '2019-09-02 04:02:57'),
(144, 'Default Admin', 'Added PERIPHERALS to Unit PC with and ID: 77', 'addition', '2019-09-02 04:28:11'),
(145, 'Default Admin', 'Added PERIPHERALS to Unit PC with and ID: 108', 'addition', '2019-09-02 04:28:26'),
(146, 'Default Admin', 'Added PERIPHERALS to Unit PC with and ID: 109', 'addition', '2019-09-02 04:32:33'),
(147, 'Default Admin', 'Added PERIPHERALS to Unit PC with and ID: 110', 'addition', '2019-09-02 04:34:32'),
(148, 'Default Admin', 'Added PERIPHERALS to Unit PC with and ID: 78', 'addition', '2019-09-02 04:37:41'),
(149, 'Default Admin', 'Added PERIPHERALS to Unit PC with and ID: 111', 'addition', '2019-09-02 04:38:28'),
(150, 'Default Admin', 'Added PERIPHERALS to Unit PC with and ID: 112', 'addition', '2019-09-02 04:40:54'),
(151, 'Default Admin', 'Added PERIPHERALS to Unit PC with and ID: 79', 'addition', '2019-09-02 04:40:56'),
(152, 'Default Admin', 'Added PERIPHERALS to Unit PC with and ID: 80', 'addition', '2019-09-02 04:45:11'),
(153, 'Default Admin', 'Added PERIPHERALS to Unit PC with and ID: 113', 'addition', '2019-09-02 04:45:48'),
(154, 'Default Admin', 'Added PERIPHERALS to Unit PC with and ID: 81', 'addition', '2019-09-02 04:48:08'),
(155, 'Default Admin', 'Added PERIPHERALS to Unit PC with and ID: 82', 'addition', '2019-09-02 04:51:51'),
(156, 'Default Admin', 'Added PERIPHERALS to Unit PC with and ID: 83', 'addition', '2019-09-02 04:54:47'),
(157, 'Default Admin', 'Added PERIPHERALS to Unit PC with and ID: 84', 'addition', '2019-09-02 04:56:54'),
(158, 'Default Admin', 'Added PERIPHERALS to Unit PC with and ID: 85', 'addition', '2019-09-02 04:59:14'),
(159, 'Default Admin', 'Added PERIPHERALS to Unit PC with and ID: 114', 'addition', '2019-09-02 05:01:34'),
(160, 'Default Admin', 'Added PERIPHERALS to Unit PC with and ID: 86', 'addition', '2019-09-02 05:05:05'),
(161, 'Default Admin', 'Added PERIPHERALS to Unit PC with and ID: 115', 'addition', '2019-09-02 05:08:49'),
(162, 'Default Admin', 'Added PERIPHERALS to Unit PC with and ID: 116', 'addition', '2019-09-02 05:10:44'),
(163, 'Default Admin', 'Added PERIPHERALS to Unit PC with and ID: 87', 'addition', '2019-09-02 05:10:48'),
(164, 'Default Admin', 'Added PERIPHERALS to Unit PC with and ID: 117', 'addition', '2019-09-02 05:12:53'),
(165, 'Default Admin', 'Added PERIPHERALS to Unit PC with and ID: 118', 'addition', '2019-09-02 05:16:29'),
(166, 'Default Admin', 'Added PERIPHERALS to Unit PC with and ID: 119', 'addition', '2019-09-02 05:18:38'),
(167, 'Default Admin', 'Added PERIPHERALS to Unit PC with and ID: 88', 'addition', '2019-09-02 05:20:25'),
(168, 'Default Admin', 'Added PERIPHERALS to Unit PC with and ID: 120', 'addition', '2019-09-02 05:20:50'),
(169, 'Default Admin', 'Added PERIPHERALS to Unit PC with and ID: 121', 'addition', '2019-09-02 05:23:06'),
(170, 'Default Admin', 'Added PERIPHERALS to Unit PC with and ID: 89', 'addition', '2019-09-02 05:24:02'),
(171, 'Default Admin', 'Added PERIPHERALS to Unit PC with and ID: 122', 'addition', '2019-09-02 05:25:15'),
(172, 'Default Admin', 'Added PERIPHERALS to Unit PC with and ID: 123', 'addition', '2019-09-02 05:27:10'),
(173, 'Default Admin', 'Added PERIPHERALS to Unit PC with and ID: 90', 'addition', '2019-09-02 05:28:06'),
(174, 'Default Admin', 'Added PERIPHERALS to Unit PC with and ID: 124', 'addition', '2019-09-02 05:30:46'),
(175, 'Default Admin', 'Added PERIPHERALS to Unit PC with and ID: 91', 'addition', '2019-09-02 05:32:11'),
(176, 'Default Admin', 'Added PERIPHERALS to Unit PC with and ID: 92', 'addition', '2019-09-02 05:38:00'),
(177, 'Default Admin', 'Added PERIPHERALS to Unit PC with and ID: 93', 'addition', '2019-09-02 05:49:22'),
(178, 'Default Admin', 'Added PERIPHERALS to Unit PC with and ID: 94', 'addition', '2019-09-02 05:52:44'),
(179, 'Default Admin', 'Added PERIPHERALS to Unit PC with and ID: 95', 'addition', '2019-09-02 05:57:00'),
(180, 'Default Admin', 'Added 30 total number of PC(s) in Lab ID: 16 from Building ID: 1', 'addition', '2019-09-02 06:09:05'),
(181, 'Default Admin', 'Added 7 total number of PC(s) in Lab ID: 16 from Building ID: 1', 'addition', '2019-09-02 06:09:15'),
(182, 'Default Admin', 'Added PERIPHERALS to Unit PC with and ID: 125', 'addition', '2019-09-02 07:02:12'),
(183, 'Default Admin', 'Added PERIPHERALS to Unit PC with and ID: 126', 'addition', '2019-09-02 07:07:06'),
(184, 'Default Admin', 'Added PERIPHERALS to Unit PC with and ID: 127', 'addition', '2019-09-02 07:12:32'),
(185, 'Default Admin', 'Added PERIPHERALS to Unit PC with and ID: 128', 'addition', '2019-09-02 07:16:54'),
(186, 'Default Admin', 'Added PERIPHERALS to Unit PC with and ID: 129', 'addition', '2019-09-02 07:20:59'),
(187, 'Default Admin', 'Added PERIPHERALS to Unit PC with and ID: 130', 'addition', '2019-09-02 07:25:27'),
(188, 'Default Admin', 'Added PERIPHERALS to Unit PC with and ID: 131', 'addition', '2019-09-02 07:29:19'),
(189, 'Default Admin', 'Added PERIPHERALS to Unit PC with and ID: 132', 'addition', '2019-09-02 07:34:50'),
(190, 'Default Admin', 'Added PERIPHERALS to Unit PC with and ID: 133', 'addition', '2019-09-02 07:38:56'),
(191, 'Default Admin', 'Added PERIPHERALS to Unit PC with and ID: 134', 'addition', '2019-09-02 07:42:30'),
(192, 'Default Admin', 'Added PERIPHERALS to Unit PC with and ID: 135', 'addition', '2019-09-02 07:46:04'),
(193, 'Default Admin', 'Added PERIPHERALS to Unit PC with and ID: 136', 'addition', '2019-09-02 07:49:24'),
(194, 'Default Admin', 'Added PERIPHERALS to Unit PC with and ID: 137', 'addition', '2019-09-02 07:52:41'),
(195, 'Default Admin', 'Added PERIPHERALS to Unit PC with and ID: 138', 'addition', '2019-09-02 07:57:17'),
(196, 'Default Admin', 'Added PERIPHERALS to Unit PC with and ID: 139', 'addition', '2019-09-02 08:00:41'),
(197, 'Default Admin', 'Added PERIPHERALS to Unit PC with and ID: 140', 'addition', '2019-09-02 08:04:31'),
(198, 'Default Admin', 'Added PERIPHERALS to Unit PC with and ID: 141', 'addition', '2019-09-02 08:09:04'),
(199, 'Default Admin', 'Added PERIPHERALS to Unit PC with and ID: 142', 'addition', '2019-09-02 08:12:24'),
(200, 'Default Admin', 'Added PERIPHERALS to Unit PC with and ID: 143', 'addition', '2019-09-02 08:16:46'),
(201, 'Default Admin', 'Added PERIPHERALS to Unit PC with and ID: 144', 'addition', '2019-09-02 08:20:16'),
(202, 'Default Admin', 'Added PERIPHERALS to Unit PC with and ID: 145', 'addition', '2019-09-02 08:23:55'),
(203, 'Default Admin', 'Added PERIPHERALS to Unit PC with and ID: 146', 'addition', '2019-09-02 08:28:46'),
(204, 'Default Admin', 'Added PERIPHERALS to Unit PC with and ID: 147', 'addition', '2019-09-02 08:32:07'),
(205, 'Default Admin', 'Added PERIPHERALS to Unit PC with and ID: 148', 'addition', '2019-09-02 08:35:59'),
(206, 'Default Admin', 'Added PERIPHERALS to Unit PC with and ID: 149', 'addition', '2019-09-02 08:39:57'),
(207, 'Default Admin', 'Added PERIPHERALS to Unit PC with and ID: 150', 'addition', '2019-09-02 08:43:45'),
(208, 'Default Admin', 'Added PERIPHERALS to Unit PC with and ID: 151', 'addition', '2019-09-02 08:46:48'),
(209, 'Default Admin', 'Added PERIPHERALS to Unit PC with and ID: 152', 'addition', '2019-09-02 08:51:29'),
(210, 'Default Admin', 'Added PERIPHERALS to Unit PC with and ID: 153', 'addition', '2019-09-02 08:54:39'),
(211, 'Default Admin', 'Added PERIPHERALS to Unit PC with and ID: 154', 'addition', '2019-09-02 08:58:36'),
(212, 'Default Admin', 'Added PERIPHERALS to Unit PC with and ID: 155', 'addition', '2019-09-02 09:03:40'),
(213, 'Default Admin', 'Added PERIPHERALS to Unit PC with and ID: 156', 'addition', '2019-09-02 09:07:01'),
(214, 'Default Admin', 'Added PERIPHERALS to Unit PC with and ID: 157', 'addition', '2019-09-02 09:10:44'),
(215, 'Default Admin', 'Added PERIPHERALS to Unit PC with and ID: 158', 'addition', '2019-09-02 09:13:55'),
(216, 'Default Admin', 'Added PERIPHERALS to Unit PC with and ID: 159', 'addition', '2019-09-02 09:17:33'),
(217, 'Default Admin', 'Added PERIPHERALS to Unit PC with and ID: 160', 'addition', '2019-09-02 09:20:51'),
(218, 'Default Admin', 'Added PERIPHERALS to Unit PC with and ID: 161', 'addition', '2019-09-02 09:23:58'),
(219, 'Default Admin', 'Added 30 total number of PC(s) in Lab ID: 17 from Building ID: 1', 'addition', '2019-09-02 09:25:59'),
(220, 'Default Admin', 'Added 9 total number of PC(s) in Lab ID: 17 from Building ID: 1', 'addition', '2019-09-02 09:27:58'),
(221, 'Default Admin', 'Added 12 total number of PC(s) in Lab ID: 18 from Building ID: 1', 'addition', '2019-09-02 09:31:44'),
(222, 'Default Admin', 'Added PERIPHERALS to Unit PC with and ID: 162', 'addition', '2019-09-02 10:02:39'),
(223, 'Default Admin', 'Added PERIPHERALS to Unit PC with and ID: 171', 'addition', '2019-09-02 10:09:38'),
(224, 'Default Admin', 'Added PERIPHERALS to Unit PC with and ID: 170', 'addition', '2019-09-02 10:13:13'),
(225, 'Default Admin', 'Added PERIPHERALS to Unit PC with and ID: 163', 'addition', '2019-09-02 10:16:58'),
(226, 'Default Admin', 'Added PERIPHERALS to Unit PC with and ID: 164', 'addition', '2019-09-02 10:20:42'),
(227, 'Default Admin', 'Added PERIPHERALS to Unit PC with and ID: 165', 'addition', '2019-09-02 10:23:53'),
(228, 'Default Admin', 'Added PERIPHERALS to Unit PC with and ID: 166', 'addition', '2019-09-02 10:27:04'),
(229, 'Default Admin', 'Added PERIPHERALS to Unit PC with and ID: 167', 'addition', '2019-09-02 10:30:56'),
(230, 'Default Admin', 'Added PERIPHERALS to Unit PC with and ID: 168', 'addition', '2019-09-02 10:35:17'),
(231, 'Default Admin', 'Added PERIPHERALS to Unit PC with and ID: 169', 'addition', '2019-09-02 10:38:27'),
(232, 'Default Admin', 'Added PERIPHERALS to Unit PC with and ID: 172', 'addition', '2019-09-02 10:45:56'),
(233, 'Default Admin', 'Added PERIPHERALS to Unit PC with and ID: 173', 'addition', '2019-09-02 10:48:34');

-- --------------------------------------------------------

--
-- Table structure for table `designation`
--

CREATE TABLE `designation` (
  `id` int(11) NOT NULL,
  `account_id` int(32) NOT NULL,
  `building_id` int(32) NOT NULL
) ENGINE=InnoDB DEFAULT CHARSET=latin1;

--
-- Dumping data for table `designation`
--

INSERT INTO `designation` (`id`, `account_id`, `building_id`) VALUES
(1, 2, 1),
(2, 5, 1),
(3, 5, 2),
(4, 2, 2),
(5, 2, 10);

-- --------------------------------------------------------

--
-- Table structure for table `equipment_transfer`
--

CREATE TABLE `equipment_transfer` (
  `id` int(11) NOT NULL,
  `equipment_id` varchar(12) NOT NULL,
  `type` varchar(128) NOT NULL,
  `from_building` varchar(12) NOT NULL,
  `from_lab` varchar(12) NOT NULL,
  `to_building` varchar(12) DEFAULT NULL,
  `to_laboratory` varchar(12) DEFAULT NULL,
  `date_added` date DEFAULT NULL,
  `status` varchar(32) DEFAULT NULL
) ENGINE=InnoDB DEFAULT CHARSET=latin1;

--
-- Dumping data for table `equipment_transfer`
--

INSERT INTO `equipment_transfer` (`id`, `equipment_id`, `type`, `from_building`, `from_lab`, `to_building`, `to_laboratory`, `date_added`, `status`) VALUES
(10, '117', 'AIRCONDITIONER', '1', '18', '1', '18', '2019-09-04', 'completed'),
(13, '11', 'PC', '1', '13', '1', '13', '2019-09-04', 'completed'),
(14, '52', 'AIRCONDITIONER', '1', '15', '1', '15', '2019-09-04', 'completed'),
(15, '53', 'AIRCONDITIONER', '1', '15', '1', '15', '2019-09-04', 'completed'),
(16, '74', 'OFFICECHAIR', '1', '15', '1', '15', '2019-09-04', 'completed'),
(17, '75', 'OFFICECHAIR', '1', '15', '1', '15', '2019-09-04', 'completed'),
(18, '76', 'OFFICECHAIR', '1', '15', '1', '15', '2019-09-04', 'completed'),
(19, '212', 'PC', '1', '18', '1', '18', '2019-09-04', 'completed'),
(20, '201', 'PC', '1', '18', '1', '18', '2019-09-06', 'completed');

-- --------------------------------------------------------

--
-- Table structure for table `fixture`
--

CREATE TABLE `fixture` (
  `id` int(11) NOT NULL,
  `type` text NOT NULL,
  `batch_code` varchar(64) NOT NULL,
  `serial_no` varchar(64) NOT NULL,
  `building_id` varchar(12) NOT NULL,
  `lab_id` varchar(12) NOT NULL,
  `date_added` datetime NOT NULL,
  `date_last_clean` date NOT NULL DEFAULT current_timestamp(),
  `fixture_condition` text NOT NULL DEFAULT 'working',
  `remarks` varchar(64) NOT NULL
) ENGINE=InnoDB DEFAULT CHARSET=latin1;

--
-- Dumping data for table `fixture`
--

INSERT INTO `fixture` (`id`, `type`, `batch_code`, `serial_no`, `building_id`, `lab_id`, `date_added`, `date_last_clean`, `fixture_condition`, `remarks`) VALUES
(34, 'airconditioner', 'AIRCONDITIONER190809113502', 'SERIAL NO FTW', '1', '4', '2019-08-09 11:35:02', '2019-08-01', 'working', 'OK'),
(35, 'airconditioner', 'AIRCONDITIONER190809113502', 'SERIAL NO FTW', '1', '4', '2019-08-09 11:35:02', '2019-08-01', 'working', 'OK'),
(36, 'airconditioner', 'AIRCONDITIONER190809113502', 'SERIAL NO FTW', '1', '4', '2019-08-09 11:35:02', '2019-08-01', 'working', 'OK'),
(37, 'airconditioner', 'AIRCONDITIONER190809113502', 'SERIAL NO FTW', '1', '4', '2019-08-09 11:35:02', '2019-08-01', 'working', 'OK'),
(38, 'airconditioner', 'AIRCONDITIONER190809113502', 'SERIAL NO FTW', '1', '4', '2019-08-09 11:35:02', '2019-08-01', 'working', 'OK'),
(39, 'airconditioner', 'AIRCONDITIONER190809113502', 'SERIAL NO FTW', '1', '4', '2019-08-09 11:35:02', '2019-08-05', 'working', 'OK'),
(41, 'computerTable', 'OFFICETABLE1908110756', '', '2', '2', '2019-08-11 07:56:53', '0000-00-00', 'working', 'OK'),
(43, 'computerTable', 'OFFICETABLE1908110756', '', '2', '2', '2019-08-11 07:56:53', '0000-00-00', 'working', 'OK'),
(45, 'computerTable', 'OFFICETABLE1908110756', '', '2', '2', '2019-08-11 07:56:53', '0000-00-00', 'working', 'OK'),
(48, 'airconditioner', 'AIRCONDITIONER1908211253', 'SERIAL NO FTW', '2', '2', '2019-08-21 12:53:17', '2019-08-01', 'working', 'OK'),
(49, 'airconditioner', 'AIRCONDITIONER1908211253', 'SERIAL NO FTW', '2', '2', '2019-08-21 12:53:17', '2019-08-13', 'working', 'OK'),
(52, 'airconditioner', 'AIRCONDITIONER1909021338', '18002AC0258', '1', '15', '2019-09-02 13:38:08', '2019-09-02', 'working', 'OK'),
(53, 'airconditioner', 'AIRCONDITIONER1909021338', '18002AC0258', '1', '15', '2019-09-02 13:38:08', '2019-09-02', 'working', 'OK'),
(54, 'monoBlocChair', 'OFFICECHAIR1909021354', '', '1', '15', '2019-09-02 13:54:56', '2019-09-02', 'working', 'OK'),
(55, 'monoBlocChair', 'OFFICECHAIR1909021354', '', '1', '15', '2019-09-02 13:54:56', '2019-09-02', 'working', 'OK'),
(56, 'monoBlocChair', 'OFFICECHAIR1909021354', '', '1', '15', '2019-09-02 13:54:56', '2019-09-02', 'working', 'OK'),
(57, 'monoBlocChair', 'OFFICECHAIR1909021354', '', '1', '15', '2019-09-02 13:54:56', '2019-09-02', 'working', 'OK'),
(58, 'monoBlocChair', 'OFFICECHAIR1909021354', '', '1', '15', '2019-09-02 13:54:56', '2019-09-02', 'working', 'OK'),
(59, 'monoBlocChair', 'OFFICECHAIR1909021354', '', '1', '15', '2019-09-02 13:54:56', '2019-09-02', 'working', 'OK'),
(60, 'monoBlocChair', 'OFFICECHAIR1909021354', '', '1', '15', '2019-09-02 13:54:56', '2019-09-02', 'working', 'OK'),
(61, 'monoBlocChair', 'OFFICECHAIR1909021354', '', '1', '15', '2019-09-02 13:54:56', '2019-09-02', 'working', 'OK'),
(62, 'monoBlocChair', 'OFFICECHAIR1909021354', '', '1', '15', '2019-09-02 13:54:56', '2019-09-02', 'working', 'OK'),
(63, 'monoBlocChair', 'OFFICECHAIR1909021354', '', '1', '15', '2019-09-02 13:54:56', '2019-09-02', 'working', 'OK'),
(64, 'monoBlocChair', 'OFFICECHAIR1909021355', '', '1', '15', '2019-09-02 13:55:31', '2019-09-02', 'working', 'OK'),
(65, 'monoBlocChair', 'OFFICECHAIR1909021355', '', '1', '15', '2019-09-02 13:55:31', '2019-09-02', 'working', 'OK'),
(66, 'monoBlocChair', 'OFFICECHAIR1909021355', '', '1', '15', '2019-09-02 13:55:31', '2019-09-02', 'working', 'OK'),
(67, 'monoBlocChair', 'OFFICECHAIR1909021355', '', '1', '15', '2019-09-02 13:55:31', '2019-09-02', 'working', 'OK'),
(68, 'monoBlocChair', 'OFFICECHAIR1909021355', '', '1', '15', '2019-09-02 13:55:31', '2019-09-02', 'working', 'OK'),
(69, 'monoBlocChair', 'OFFICECHAIR1909021355', '', '1', '15', '2019-09-02 13:55:31', '2019-09-02', 'working', 'OK'),
(70, 'monoBlocChair', 'OFFICECHAIR1909021355', '', '1', '15', '2019-09-02 13:55:31', '2019-09-02', 'working', 'OK'),
(71, 'monoBlocChair', 'OFFICECHAIR1909021355', '', '1', '15', '2019-09-02 13:55:31', '2019-09-02', 'working', 'OK'),
(72, 'monoBlocChair', 'OFFICECHAIR1909021355', '', '1', '15', '2019-09-02 13:55:31', '2019-09-02', 'working', 'OK'),
(73, 'monoBlocChair', 'OFFICECHAIR1909021355', '', '1', '15', '2019-09-02 13:55:31', '2019-09-02', 'working', 'OK'),
(74, 'monoBlocChair', 'OFFICECHAIR1909021355', '', '1', '15', '2019-09-02 13:55:47', '2019-09-02', 'okay na po ulet hehe', 'Fixed'),
(75, 'monoBlocChair', 'OFFICECHAIR1909021355', '', '1', '15', '2019-09-02 13:55:47', '2019-09-02', 'working', 'OK'),
(76, 'monoBlocChair', 'OFFICECHAIR1909021355', '', '1', '15', '2019-09-02 13:55:47', '2019-09-02', 'working', 'OK'),
(77, 'monoBlocChair', 'OFFICECHAIR1909021355', '', '1', '15', '2019-09-02 13:55:47', '2019-09-02', 'working', 'OK'),
(78, 'monoBlocChair', 'OFFICECHAIR1909021355', '', '1', '15', '2019-09-02 13:55:47', '2019-09-02', 'working', 'OK'),
(79, 'monoBlocChair', 'OFFICECHAIR1909021355', '', '1', '15', '2019-09-02 13:55:47', '2019-09-02', 'working', 'OK'),
(80, 'monoBlocChair', 'OFFICECHAIR1909021355', '', '1', '15', '2019-09-02 13:55:47', '2019-09-02', 'working', 'OK'),
(81, 'monoBlocChair', 'OFFICECHAIR1909021355', '', '1', '15', '2019-09-02 13:55:47', '2019-09-02', 'working', 'OK'),
(82, 'monoBlocChair', 'OFFICECHAIR1909021355', '', '1', '15', '2019-09-02 13:55:47', '2019-09-02', 'working', 'OK'),
(83, 'computerTable', 'OFFICETABLE1909021356', '', '1', '15', '2019-09-02 13:56:18', '2019-09-02', 'working', 'OK'),
(84, 'computerTable', 'OFFICETABLE1909021356', '', '1', '15', '2019-09-02 13:56:18', '2019-09-02', 'working', 'OK'),
(85, 'computerTable', 'OFFICETABLE1909021356', '', '1', '15', '2019-09-02 13:56:18', '2019-09-02', 'working', 'OK'),
(86, 'computerTable', 'OFFICETABLE1909021356', '', '1', '15', '2019-09-02 13:56:18', '2019-09-02', 'working', 'OK'),
(87, 'computerTable', 'OFFICETABLE1909021356', '', '1', '15', '2019-09-02 13:56:18', '2019-09-02', 'working', 'OK'),
(88, 'computerTable', 'OFFICETABLE1909021356', '', '1', '15', '2019-09-02 13:56:18', '2019-09-02', 'working', 'OK'),
(89, 'computerTable', 'OFFICETABLE1909021356', '', '1', '15', '2019-09-02 13:56:18', '2019-09-02', 'working', 'OK'),
(90, 'computerTable', 'OFFICETABLE1909021356', '', '1', '15', '2019-09-02 13:56:18', '2019-09-02', 'working', 'OK'),
(91, 'computerTable', 'OFFICETABLE1909021356', '', '1', '15', '2019-09-02 13:56:18', '2019-09-02', 'working', 'OK'),
(92, 'computerTable', 'OFFICETABLE1909021356', '', '1', '15', '2019-09-02 13:56:18', '2019-09-02', 'working', 'OK'),
(93, 'computerTable', 'OFFICETABLE1909021356', '', '1', '15', '2019-09-02 13:56:40', '2019-09-02', 'working', 'OK'),
(94, 'computerTable', 'OFFICETABLE1909021356', '', '1', '15', '2019-09-02 13:56:40', '2019-09-02', 'working', 'OK'),
(95, 'computerTable', 'OFFICETABLE1909021356', '', '1', '15', '2019-09-02 13:56:40', '2019-09-02', 'working', 'OK'),
(96, 'computerTable', 'OFFICETABLE1909021356', '', '1', '15', '2019-09-02 13:56:40', '2019-09-02', 'working', 'OK'),
(97, 'computerTable', 'OFFICETABLE1909021356', '', '1', '15', '2019-09-02 13:56:40', '2019-09-02', 'working', 'OK'),
(98, 'computerTable', 'OFFICETABLE1909021356', '', '1', '15', '2019-09-02 13:56:40', '2019-09-02', 'working', 'OK'),
(99, 'computerTable', 'OFFICETABLE1909021356', '', '1', '15', '2019-09-02 13:56:40', '2019-09-02', 'working', 'OK'),
(100, 'computerTable', 'OFFICETABLE1909021356', '', '1', '15', '2019-09-02 13:56:40', '2019-09-02', 'working', 'OK'),
(101, 'computerTable', 'OFFICETABLE1909021356', '', '1', '15', '2019-09-02 13:56:40', '2019-09-02', 'working', 'OK'),
(102, 'computerTable', 'OFFICETABLE1909021356', '', '1', '15', '2019-09-02 13:56:40', '2019-09-02', 'working', 'OK'),
(103, 'computerTable', 'OFFICETABLE1909021356', '', '1', '15', '2019-09-02 13:56:51', '2019-09-02', 'working', 'OK'),
(104, 'computerTable', 'OFFICETABLE1909021356', '', '1', '15', '2019-09-02 13:56:51', '2019-09-02', 'working', 'OK'),
(105, 'computerTable', 'OFFICETABLE1909021356', '', '1', '15', '2019-09-02 13:56:51', '2019-09-02', 'working', 'OK'),
(106, 'computerTable', 'OFFICETABLE1909021356', '', '1', '15', '2019-09-02 13:56:51', '2019-09-02', 'working', 'OK'),
(107, 'computerTable', 'OFFICETABLE1909021356', '', '1', '15', '2019-09-02 13:56:51', '2019-09-02', 'working', 'OK'),
(108, 'computerTable', 'OFFICETABLE1909021356', '', '1', '15', '2019-09-02 13:56:51', '2019-09-02', 'working', 'OK'),
(109, 'computerTable', 'OFFICETABLE1909021356', '', '1', '15', '2019-09-02 13:56:51', '2019-09-02', 'working', 'OK'),
(110, 'computerTable', 'OFFICETABLE1909021356', '', '1', '15', '2019-09-02 13:56:51', '2019-09-02', 'working', 'OK'),
(111, 'computerTable', 'OFFICETABLE1909021356', '', '1', '15', '2019-09-02 13:56:51', '2019-09-02', 'working', 'OK'),
(112, 'airconditioner', 'AIRCONDITIONER1909021405', '', '1', '14', '2019-09-02 14:05:27', '2019-09-02', 'working', 'OK'),
(113, 'airconditioner', 'AIRCONDITIONER1909021406', '', '1', '13', '2019-09-02 14:06:11', '2019-09-02', 'working', 'OK'),
(114, 'airconditioner', 'AIRCONDITIONER1909021406', '', '1', '13', '2019-09-02 14:06:11', '2019-09-02', 'working', 'OK'),
(115, 'airconditioner', 'AIRCONDITIONER1909021410', '', '1', '16', '2019-09-02 14:10:11', '2019-09-02', 'working', 'OK'),
(116, 'airconditioner', 'AIRCONDITIONER1909021721', '', '1', '17', '2019-09-02 17:21:25', '2019-09-02', 'Okay na po sya.', 'Fixed'),
(117, 'airconditioner', 'AIRCONDITIONER1909021731', '', '1', '18', '2019-09-02 17:31:27', '2019-01-02', 'Ecxample okayu na po', 'Fixed'),
(120, 'computerTable', 'COMPUTERTABLE1909171701', 'SAMPLE', '10', '', '2019-09-17 17:01:05', '2019-09-17', 'working', 'OK'),
(121, 'airconditioner', 'AIRCONDITIONER1909171728', '011503741', '10', '19', '2019-09-17 17:28:05', '2019-09-17', 'working', 'OK'),
(122, 'airconditioner', 'AIRCONDITIONER1909171734', 'BA-00000416', '10', '20', '2019-09-17 17:34:11', '2019-09-17', 'working', 'OK'),
(123, 'airconditioner', 'AIRCONDITIONER1909171734', 'SN 2519-020018', '10', '20', '2019-09-17 17:34:11', '2019-09-17', 'working', 'OK'),
(124, 'airconditioner', 'AIRCONDITIONER1909171737', 'MODEL: LA15ORB', '10', '21', '2019-09-17 17:37:06', '2019-09-17', 'working', 'OK'),
(125, 'airconditioner', 'AIRCONDITIONER1909171737', 'BA-00000417', '10', '21', '2019-09-17 17:37:06', '2019-09-17', 'working', 'OK'),
(126, 'airconditioner', 'AIRCONDITIONER1909171745', '51QSXRACCON19-KED H16PC-0820683', '10', '22', '2019-09-17 17:45:17', '2019-09-17', 'working', 'OK'),
(127, 'airconditioner', 'AIRCONDITIONER1909171745', 'BA-00000418', '10', '22', '2019-09-17 17:45:17', '2019-09-17', 'working', 'OK'),
(128, 'airconditioner', 'AIRCONDITIONER1909171745', 'SN 2519-020048', '10', '22', '2019-09-17 17:45:17', '2019-09-17', 'working', 'OK'),
(129, 'airconditioner', 'AIRCONDITIONER1909171747', '51QSXRACCON24-KEAB16PC-0530179', '10', '23', '2019-09-17 17:47:58', '2019-09-17', 'working', 'OK'),
(130, 'airconditioner', 'AIRCONDITIONER1909171747', 'BA-00000420', '10', '23', '2019-09-17 17:47:58', '2019-09-17', 'working', 'OK'),
(131, 'airconditioner', 'AIRCONDITIONER1909171747', 'SN 2419-020042', '10', '23', '2019-09-17 17:47:58', '2019-09-17', 'working', 'OK'),
(132, 'airconditioner', 'AIRCONDITIONER1909171749', '51QSXRACCON24-KEA B16PC-0133404', '10', '24', '2019-09-17 17:49:49', '2019-09-17', 'working', 'OK'),
(133, 'airconditioner', 'AIRCONDITIONER1909171749', 'BA-00000419', '10', '24', '2019-09-17 17:49:49', '2019-09-17', 'working', 'OK'),
(134, 'airconditioner', 'AIRCONDITIONER1909171749', 'SN 2519-020047', '10', '24', '2019-09-17 17:49:49', '2019-09-17', 'working', 'OK'),
(135, 'airconditioner', 'AIRCONDITIONER1909171751', '51QSXRACCON19-KEDH16PC-0195283', '10', '25', '2019-09-17 17:51:32', '2019-09-17', 'working', 'OK'),
(136, 'airconditioner', 'AIRCONDITIONER1909171751', 'BA-00000421', '10', '25', '2019-09-17 17:51:32', '2019-09-17', 'working', 'OK'),
(137, 'airconditioner', 'AIRCONDITIONER1909171751', 'SN 2519-020030', '10', '25', '2019-09-17 17:51:32', '2019-09-17', 'working', 'OK'),
(138, 'airconditioner', 'AIRCONDITIONER1909171752', '51QSXRACCON19-KEDH16PC-0195283', '10', '26', '2019-09-17 17:52:59', '2019-09-17', 'working', 'OK'),
(139, 'airconditioner', 'AIRCONDITIONER1909171752', '', '10', '26', '2019-09-17 17:52:59', '2019-09-17', 'working', 'OK'),
(140, 'airconditioner', 'AIRCONDITIONER1909171752', '', '10', '26', '2019-09-17 17:52:59', '2019-09-17', 'working', 'OK');

-- --------------------------------------------------------

--
-- Table structure for table `fix_report`
--

CREATE TABLE `fix_report` (
  `id` int(11) NOT NULL,
  `type` varchar(64) DEFAULT NULL,
  `item_id` varchar(12) DEFAULT NULL,
  `repair_cost` decimal(12,2) DEFAULT NULL,
  `date_added` date DEFAULT NULL,
  `file_name` varchar(128) DEFAULT NULL
) ENGINE=InnoDB DEFAULT CHARSET=latin1;

--
-- Dumping data for table `fix_report`
--

INSERT INTO `fix_report` (`id`, `type`, `item_id`, `repair_cost`, `date_added`, `file_name`) VALUES
(6, 'peripheral', '102', '20.00', '2019-09-06', 'ItemID-102Fixed202019-09-06-18-33-59.png'),
(7, 'peripheral', '101', '20.00', '2019-09-06', 'ItemID-101Fixed202019-09-06-18-46-16.png'),
(8, 'peripheral', '101', '20.00', '2019-09-06', 'ItemID-101Fixed202019-09-06-18-49-05.png'),
(9, 'peripheral', '101', '300.09', '2019-09-09', 'ItemID-101Fixed300.092019-09-09-11-23-01.png'),
(10, 'peripheral', '103', '234.00', '2019-09-09', 'ItemID-103Fixed2342019-09-09-14-23-45.jpg'),
(11, 'fixture', '116', '234.00', '2019-09-09', 'ItemID-116Fixed2342019-09-09-14-29-09.png'),
(12, 'fixture', '116', '25.00', '2019-09-09', 'ItemID-116Fixed252019-09-09-14-37-00.png'),
(13, 'fixture', '74', '20.00', '2019-09-09', 'ItemID-74Fixed202019-09-09-14-49-55.png'),
(14, 'fixture', '118', '20.00', '2019-09-17', 'ItemID-118Fixed202019-09-17-17-24-16.jpg'),
(15, 'fixture', '117', '150.00', '2019-09-17', 'ItemID-117Fixed1502019-09-17-17-28-50.jpg');

-- --------------------------------------------------------

--
-- Table structure for table `laboratory`
--

CREATE TABLE `laboratory` (
  `lab_id` int(11) NOT NULL,
  `lab_code` varchar(32) NOT NULL,
  `lab_name` varchar(64) NOT NULL,
  `lab_description` text NOT NULL,
  `building_id` int(11) NOT NULL,
  `added_by` varchar(128) NOT NULL
) ENGINE=InnoDB DEFAULT CHARSET=latin1;

--
-- Dumping data for table `laboratory`
--

INSERT INTO `laboratory` (`lab_id`, `lab_code`, `lab_name`, `lab_description`, `building_id`, `added_by`) VALUES
(9, 'COMPU009', 'COMPUTER LAB 1', 'ComLab1', 9, ''),
(11, 'GAMIN0011', 'GAMING ROOM', 'where student play', 7, 'Marvin Reyes'),
(13, 'CISCO0013', 'CISCO LAB', 'CISCO LAB', 1, 'Default Admin'),
(14, 'OPENS0014', 'OPEN SOURCE', 'OPEN SOURCE', 1, 'Default Admin'),
(15, 'MACLA0015', 'MAC LAB', 'Mac Laboratories ', 1, 'Default Admin'),
(16, 'LABOR0016', 'LABORATORY 3', 'Lab 3', 1, 'Default Admin'),
(17, 'ANIMA0017', 'ANIMATION LAB', 'AnimLab', 1, 'Default Admin'),
(18, 'CISCO0018', 'CISCO HANDS-ON', 'CISCO HANDS-ON', 1, 'Default Admin'),
(19, 'MEDIC0019', 'MEDIC LAB', 'medic lab ni Aaron Building', 10, 'Default Admin'),
(20, 'FACUL0020', 'FACULTY ELEM', 'RM 102', 10, 'Default Admin'),
(21, 'ALUMN0021', 'ALUMNI AND ACAP', 'RM 103', 10, 'Default Admin'),
(22, 'AB1040022', 'AB 104', 'ROOM', 10, 'Default Admin'),
(23, 'AB1050023', 'AB 105', 'ROOM', 10, 'Default Admin'),
(24, 'AB1060024', 'AB 106', 'ROOM', 10, 'Default Admin'),
(25, 'AB1070025', 'AB 107', 'ROOM', 10, 'Default Admin'),
(26, 'AB1080026', 'AB 108', 'ROOM', 10, 'Default Admin'),
(27, 'AB1090027', 'AB 109', 'ROOM', 10, 'Default Admin'),
(28, 'AB1100028', 'AB 110', 'ROOM', 10, 'Default Admin'),
(29, 'AB1110029', 'AB 111', 'ROOM', 10, 'Default Admin'),
(30, 'AB1120030', 'AB 112', 'ROOM', 10, 'Default Admin');

-- --------------------------------------------------------

--
-- Table structure for table `logs`
--

CREATE TABLE `logs` (
  `id` int(12) NOT NULL,
  `username` varchar(32) NOT NULL,
  `type` varchar(32) NOT NULL,
  `type_id` varchar(32) NOT NULL
) ENGINE=InnoDB DEFAULT CHARSET=latin1;

-- --------------------------------------------------------

--
-- Table structure for table `maintenance`
--

CREATE TABLE `maintenance` (
  `id` int(11) NOT NULL,
  `department` varchar(128) NOT NULL,
  `date_requested` date NOT NULL,
  `electrical` int(11) NOT NULL,
  `mechanical` int(11) NOT NULL,
  `carpentry` int(11) NOT NULL,
  `janitorial` int(11) NOT NULL,
  `others` int(11) NOT NULL,
  `others_text` text NOT NULL,
  `request` text NOT NULL,
  `action_taken` text NOT NULL,
  `date_action_taken` date DEFAULT NULL,
  `requested_by` varchar(128) NOT NULL
) ENGINE=InnoDB DEFAULT CHARSET=latin1;

--
-- Dumping data for table `maintenance`
--

INSERT INTO `maintenance` (`id`, `department`, `date_requested`, `electrical`, `mechanical`, `carpentry`, `janitorial`, `others`, `others_text`, `request`, `action_taken`, `date_action_taken`, `requested_by`) VALUES
(1, 'ICTDU', '2019-09-01', 0, 0, 0, 0, 1, 'asd', 'asd', 'tapos!', '2019-09-06', 'Ronie Bituin'),
(2, 'ICTDU', '2019-08-13', 1, 0, 0, 0, 1, 'Yes yes', 'Sample Request', 'Action Taken', '2019-09-06', 'Ronie Bituin'),
(3, 'ICTDU', '2019-08-13', 1, 1, 1, 1, 1, 'Others Text', 'Request Text', 'tapos!', '2019-09-06', 'Ronie Bituin'),
(4, 'This Building hello', '2019-08-22', 1, 1, 1, 1, 1, 'asd', 'asd', 'tapos!', '2019-09-06', 'Default Lab Assistant'),
(5, 'asd', '2019-08-22', 1, 0, 0, 0, 0, '', 'asd', 'tapos!', '2019-09-06', 'Default Lab Assistant'),
(6, 'ITS', '2019-08-30', 1, 1, 1, 1, 0, 'SAmple', 'Pa yus yung whitebpard', 'tapos!', '2019-09-06', 'Default Admin'),
(7, 'ICTDU', '2019-09-06', 1, 1, 1, 1, 1, 'Yes Others', 'Sample', '', NULL, 'Ronie Bituin');

-- --------------------------------------------------------

--
-- Table structure for table `peripherals`
--

CREATE TABLE `peripherals` (
  `peripheral_id` int(11) NOT NULL,
  `peripheral_type` varchar(32) NOT NULL,
  `peripheral_brand` varchar(128) NOT NULL,
  `peripheral_description` text NOT NULL,
  `peripheral_serial_no` varchar(64) NOT NULL,
  `peripheral_date_purchased` date NOT NULL,
  `peripheral_amount` float DEFAULT NULL,
  `peripheral_date_issued` date NOT NULL,
  `peripheral_condition` text NOT NULL,
  `remarks` varchar(64) NOT NULL,
  `added_by` varchar(32) NOT NULL,
  `unit_id` varchar(12) NOT NULL
) ENGINE=InnoDB DEFAULT CHARSET=latin1;

--
-- Dumping data for table `peripherals`
--

INSERT INTO `peripherals` (`peripheral_id`, `peripheral_type`, `peripheral_brand`, `peripheral_description`, `peripheral_serial_no`, `peripheral_date_purchased`, `peripheral_amount`, `peripheral_date_issued`, `peripheral_condition`, `remarks`, `added_by`, `unit_id`) VALUES
(1, 'Monitor', ' ACER V6 SERIES', '21.5 / 55 cm Viewable', 'MMLXLSS023913076414263', '2019-06-20', 1, '2019-08-27', 'sdfsdfsdf', 'Fixed', 'Default Admin', '1'),
(2, 'Keyboard', 'NA', 'USB Keyboard ', 'NA', '2019-06-20', 1, '2019-08-27', 'Working', 'Not For Repair', 'Default Admin', '1'),
(3, 'Mouse', 'NA', 'USB Keyboard ', 'NA', '2019-06-20', 1, '2019-08-27', 'Working', 'Not For Repair', 'Default Admin', '1'),
(4, 'AVR', 'NA', 'NA', 'NA', '2019-06-02', 1, '2019-08-27', 'Working', 'Not For Repair', 'Default Admin', '1'),
(5, 'Headset', 'NA', 'NA', 'NA', '2019-06-20', 1, '2019-08-27', 'Working', 'Not For Repair', 'Default Admin', '1'),
(6, 'CPU', 'NA', '8th GEN INTEL  CORE  i7 processor 8700', 'NA', '2019-06-20', 1, '2019-08-27', 'Working', 'Not For Repair', 'Default Admin', '1'),
(7, 'Motherboard', 'NA', 'NA', 'NA', '2019-06-20', 1, '2019-08-27', 'Working', 'Not For Repair', 'Default Admin', '1'),
(8, 'GPU', 'NA', ': INTEL UHD Graphics 630', 'NA', '2019-06-20', 1, '2019-08-27', 'Working', 'Not For Repair', 'Default Admin', '1'),
(9, 'RAM', 'NA', '8GB DDR4 Memory', 'NA', '2019-06-20', 1, '2019-08-27', 'Working', 'Not For Repair', 'Default Admin', '1'),
(10, 'HDD', 'NA', '1 TB Hard Drive', 'NA', '2019-06-20', 1, '2019-08-27', 'Working', 'Not For Repair', 'Default Admin', '1'),
(11, 'Monitor', 'ACER V6 SERIES', '21.5 / 55 cm Viewable', 'MMLXLSS023913070E4263', '2019-06-20', 1, '2019-08-27', 'Working', 'Not For Repair', 'Default Admin', '2'),
(12, 'Keyboard', 'NA', 'USB Keyboard ', 'NA', '2019-06-20', 1, '2019-08-27', 'Working', 'Not For Repair', 'Default Admin', '2'),
(13, 'Mouse', 'NA', 'USB Keyboard ', 'NA', '2019-06-20', 1, '2019-08-27', 'Working', 'Not For Repair', 'Default Admin', '2'),
(14, 'AVR', 'NA', 'NA', 'NA', '2019-06-20', 1, '2019-08-27', 'Working', 'Not For Repair', 'Default Admin', '2'),
(15, 'Headset', 'NA', 'NA', 'NA', '2019-06-20', 1, '2019-08-27', 'Working', 'Not For Repair', 'Default Admin', '2'),
(16, 'CPU', 'NA', '8th GEN INTEL  CORE  i7 processor 8700', 'NA', '2019-06-20', 1, '2019-08-27', 'Working', 'Not For Repair', 'Default Admin', '2'),
(17, 'Motherboard', 'NA', 'NA', 'NA', '2019-06-20', 1, '2019-08-27', 'Working', 'Not For Repair', 'Default Admin', '2'),
(18, 'GPU', 'NA', ' INTEL UHD Graphics 630', 'NA', '2019-06-20', 1, '2019-08-27', 'Working', 'Not For Repair', 'Default Admin', '2'),
(19, 'RAM', 'NA', '8GB DDR4 Memory', 'NA', '2019-06-20', 1, '2019-08-27', 'Working', 'Not For Repair', 'Default Admin', '2'),
(20, 'HDD', 'NA', '1 TB Hard Drive', 'NA', '2019-06-20', 1, '2019-08-27', 'Working', 'Not For Repair', 'Default Admin', '2'),
(21, 'Monitor', ' ACER V6 SERIES', '21.5 / 55 cm Viewable', 'MMLXLSS023913075084263', '2019-06-20', 1, '2019-08-27', 'Working', 'Not For Repair', 'Default Admin', '3'),
(22, 'Keyboard', 'NA', 'USB Keyboard ', 'NA', '2019-06-20', 1, '2019-08-27', 'Working', 'Not For Repair', 'Default Admin', '3'),
(23, 'Mouse', 'NA', 'USB Optical Mouse', 'NA', '2019-06-20', 1, '2019-08-27', 'Working', 'Not For Repair', 'Default Admin', '3'),
(24, 'AVR', 'NA', 'NA', 'NA', '2019-06-20', 1, '2019-08-27', 'Working', 'Not For Repair', 'Default Admin', '3'),
(25, 'Headset', 'NA', 'NA', 'NA', '2019-06-20', 1, '2019-08-27', 'Working', 'Not For Repair', 'Default Admin', '3'),
(26, 'CPU', 'NA', '8th GEN INTEL  CORE  i7 processor 8700', 'NA', '2019-06-20', 1, '2019-08-27', 'Working', 'Not For Repair', 'Default Admin', '3'),
(27, 'Motherboard', 'NA', 'NA', 'NA', '2019-06-20', 1, '2019-08-27', 'Working', 'Not For Repair', 'Default Admin', '3'),
(28, 'GPU', 'NA', ': INTEL UHD Graphics 630', 'NA', '2019-06-20', 1, '2019-08-27', 'Working', 'Not For Repair', 'Default Admin', '3'),
(29, 'RAM', 'NA', '8GB DDR4 Memory', 'NA', '2019-06-20', 1, '2019-08-27', 'Working', 'Not For Repair', 'Default Admin', '3'),
(30, 'HDD', 'NA', '1 TB Hard Drive', 'NA', '2019-06-20', 1, '2019-08-27', 'Working', 'Not For Repair', 'Default Admin', '3'),
(31, 'Monitor', ' ACER V6 SERIES', '21.5 / 55 cm Viewable', 'MMLXLSS023913070E4263', '2019-06-20', 1, '2019-08-27', 'Working', 'Not For Repair', 'Default Admin', '4'),
(32, 'Keyboard', 'NA', 'USB Keyboard ', 'NA', '2019-06-20', 1, '2019-08-27', 'Working', 'Not For Repair', 'Default Admin', '4'),
(33, 'Mouse', 'NA', 'USB Optical Mouse', 'NA', '2019-06-20', 1, '2019-08-27', 'Working', 'Not For Repair', 'Default Admin', '4'),
(34, 'AVR', 'NA', 'NA', 'NA', '2019-06-20', 1, '2019-08-27', 'Working', 'Not For Repair', 'Default Admin', '4'),
(35, 'Headset', 'NA', 'NA', 'NA', '2019-06-20', 1, '2019-08-27', 'Working', 'Not For Repair', 'Default Admin', '4'),
(36, 'CPU', 'NA', '8th GEN INTEL  CORE  i7 processor 8700', 'NA', '2019-06-20', 1, '2019-08-27', 'Working', 'Not For Repair', 'Default Admin', '4'),
(37, 'Motherboard', 'NA', 'NA', 'NA', '2019-06-20', 1, '2019-08-27', 'Working', 'Not For Repair', 'Default Admin', '4'),
(38, 'GPU', 'NA', ': INTEL UHD Graphics 630', 'NA', '2019-06-20', 1, '2019-08-27', 'Working', 'Not For Repair', 'Default Admin', '4'),
(39, 'RAM', 'NA', '8GB DDR4 Memory', 'NA', '2019-08-20', 1, '2019-08-27', 'Working', 'Not For Repair', 'Default Admin', '4'),
(40, 'HDD', 'NA', '1 TB Hard Drive', 'NA', '2019-06-20', 1, '2019-08-27', 'Working', 'Not For Repair', 'Default Admin', '4'),
(41, 'Monitor', 'ACER V6 SERIES', '21.5 / 55 cm Viewable', 'MMLXLSS023913075F14263', '2019-06-20', 1, '2019-08-27', 'Working', 'Not For Repair', 'Default Admin', '5'),
(42, 'Keyboard', 'NA', 'USB Keyboard ', 'NA', '2019-06-20', 1, '2019-08-27', 'Working', 'Not For Repair', 'Default Admin', '5'),
(43, 'Mouse', 'NA', 'USB Optical Mouse', 'NA', '2019-06-20', 1, '2019-08-27', 'Working', 'Not For Repair', 'Default Admin', '5'),
(44, 'AVR', 'NA', 'NA', 'NA', '2019-06-20', 1, '2019-08-27', 'Working', 'Not For Repair', 'Default Admin', '5'),
(45, 'Headset', 'NA', 'NA', 'NA', '2019-06-20', 1, '2019-08-27', 'Working', 'Not For Repair', 'Default Admin', '5'),
(46, 'CPU', 'NA', '8th GEN INTEL  CORE  i7 processor 8700', 'NA', '2019-06-20', 1, '2019-08-27', 'Working', 'Not For Repair', 'Default Admin', '5'),
(47, 'Motherboard', 'NA', 'NA', 'NA', '2019-06-20', 1, '2019-08-27', 'Working', 'Not For Repair', 'Default Admin', '5'),
(48, 'GPU', 'NA', 'INTEL UHD Graphics 630', 'NA', '2019-06-20', 1, '2019-08-27', 'Working', 'Not For Repair', 'Default Admin', '5'),
(49, 'RAM', 'NA', '8GB DDR4 Memory', 'NA', '2019-06-20', 1, '2019-08-27', 'Working', 'Not For Repair', 'Default Admin', '5'),
(50, 'HDD', 'NA', '1 TB Hard Drive', 'NA', '2019-06-20', 1, '2019-08-27', 'Working', 'Not For Repair', 'Default Admin', '5'),
(51, 'Monitor', 'ACER V6 SERIES', '21.5 / 55 cm Viewable', 'MMLXLSS023913075EF4263', '2019-06-20', 1, '2019-08-27', 'Working', 'Not For Repair', 'Default Admin', '6'),
(52, 'Keyboard', 'NA', 'USB Keyboard ', 'NA', '2019-06-20', 1, '2019-08-27', 'Working', 'Not For Repair', 'Default Admin', '6'),
(53, 'Mouse', 'NA', 'USB Optical Mouse', 'NA', '2019-06-20', 1, '2019-08-27', 'Working', 'Not For Repair', 'Default Admin', '6'),
(54, 'AVR', 'NA', 'NA', 'NA', '2019-06-20', 1, '2019-08-27', 'Working', 'Not For Repair', 'Default Admin', '6'),
(55, 'Headset', 'NA', 'NA', 'NA', '2019-06-20', 1, '2019-08-27', 'Working', 'Not For Repair', 'Default Admin', '6'),
(56, 'CPU', 'NA', '8th GEN INTEL  CORE  i7 processor 8700', 'NA', '2019-06-20', 1, '2019-08-27', 'Working', 'Not For Repair', 'Default Admin', '6'),
(57, 'Motherboard', 'NA', 'NA', 'NA', '2019-06-20', 1, '2019-08-27', 'Working', 'Not For Repair', 'Default Admin', '6'),
(58, 'GPU', 'NA', 'INTEL UHD Graphics 630', 'NA', '2019-06-20', 1, '2019-08-27', 'Working', 'Not For Repair', 'Default Admin', '6'),
(59, 'RAM', 'NA', '8GB DDR4 Memory', 'NA', '2019-06-20', 1, '2019-08-27', 'Working', 'Not For Repair', 'Default Admin', '6'),
(60, 'HDD', 'NA', '1 TB Hard Drive', 'NA', '2019-06-20', 1, '2019-08-27', 'Working', 'Not For Repair', 'Default Admin', '6'),
(61, 'Monitor', 'ACER V6 SERIES', '21.5 / 55 cm Viewable', 'MMLXLSS0239130763D4263', '2019-06-20', 1, '2019-08-27', 'Working', 'Not For Repair', 'Default Admin', '7'),
(62, 'Keyboard', 'NA', 'USB Keyboard ', 'NA', '2019-06-20', 1, '2019-08-27', 'Working', 'Not For Repair', 'Default Admin', '7'),
(63, 'Mouse', 'NA', 'USB Optical Mouse', 'NA', '2019-06-20', 1, '2019-08-27', 'Working', 'Not For Repair', 'Default Admin', '7'),
(64, 'AVR', 'NA', 'NA', 'NA', '2019-06-20', 1, '2019-08-27', 'Working', 'Not For Repair', 'Default Admin', '7'),
(65, 'Headset', 'NA', 'NA', 'NA', '2019-06-20', 1, '2019-08-27', 'Working', 'Not For Repair', 'Default Admin', '7'),
(66, 'CPU', 'NA', '8th GEN INTEL  CORE  i7 processor 8700', 'NA', '2019-06-20', 1, '2019-08-27', 'Working', 'Not For Repair', 'Default Admin', '7'),
(67, 'Motherboard', 'NA', 'NA', 'NA', '2019-06-20', 1, '2019-08-27', 'Working', 'Not For Repair', 'Default Admin', '7'),
(68, 'GPU', 'NA', 'INTEL UHD Graphics 630', 'NA', '2019-06-20', 1, '2019-08-27', 'Working', 'Not For Repair', 'Default Admin', '7'),
(69, 'RAM', 'NA', ': 8GB DDR4 Memory', 'NA', '2019-06-20', 1, '2019-08-27', 'Working', 'Not For Repair', 'Default Admin', '7'),
(70, 'HDD', 'NA', '1 TB Hard Drive', 'NA', '2019-06-20', 1, '2019-08-27', 'Working', 'Not For Repair', 'Default Admin', '7'),
(71, 'Monitor', 'ACER V6 SERIES', '21.5 / 55 cm Viewable', 'MMLXLSS0239130761C4263', '2019-06-20', 1, '2019-08-27', 'Working', 'Not For Repair', 'Default Admin', '8'),
(72, 'Keyboard', 'NA', 'USB Keyboard ', 'NA', '2019-06-20', 1, '2019-08-27', 'Working', 'Not For Repair', 'Default Admin', '8'),
(73, 'Mouse', 'NA', 'USB Optical Mouse', 'NA', '2019-06-20', 1, '2019-08-27', 'Working', 'Not For Repair', 'Default Admin', '8'),
(74, 'AVR', 'NA', 'NA', 'NA', '2019-06-20', 1, '2019-08-27', 'Working', 'Not For Repair', 'Default Admin', '8'),
(75, 'Headset', 'NA', 'NA', 'NA', '2019-06-20', 1, '2019-08-27', 'Working', 'Not For Repair', 'Default Admin', '8'),
(76, 'CPU', 'NA', '8th GEN INTEL  CORE  i7 processor 8700', 'NA', '2019-06-20', 1, '2019-08-27', 'Working', 'Not For Repair', 'Default Admin', '8'),
(77, 'Motherboard', 'NA', 'NA', 'NA', '2019-06-20', 1, '2019-08-27', 'Working', 'Not For Repair', 'Default Admin', '8'),
(78, 'GPU', 'NA', ': INTEL UHD Graphics 630', 'NA', '2019-06-20', 1, '2019-08-27', 'Working', 'Not For Repair', 'Default Admin', '8'),
(79, 'RAM', 'NA', '8GB DDR4 Memory', 'NA', '2019-06-20', 1, '2019-08-27', 'Working', 'Not For Repair', 'Default Admin', '8'),
(80, 'HDD', 'NA', '1 TB Hard Drive', 'NA', '2019-06-20', 1, '2019-08-27', 'Working', 'Not For Repair', 'Default Admin', '8'),
(81, 'Monitor', 'ACER V6 SERIES', '21.5 / 55 cm Viewable', 'MMLXLSS0239130760D4263', '2019-06-20', 1, '2019-08-27', 'Working', 'Not For Repair', 'Default Admin', '9'),
(82, 'Keyboard', 'NA', 'USB Keyboard ', 'NA', '2019-06-20', 1, '2019-08-27', 'Working', 'Not For Repair', 'Default Admin', '9'),
(83, 'Mouse', 'NA', 'USB Optical Mouse', 'NA', '2019-06-20', 1, '2019-08-27', 'Working', 'Not For Repair', 'Default Admin', '9'),
(84, 'AVR', 'NA', 'NA', 'NA', '2019-06-20', 1, '2019-08-27', 'Working', 'Not For Repair', 'Default Admin', '9'),
(85, 'Headset', 'NA', 'NA', 'NA', '2019-06-20', 1, '2019-08-27', 'Working', 'Not For Repair', 'Default Admin', '9'),
(86, 'CPU', 'NA', '8th GEN INTEL  CORE  i7 processor 8700', 'NA', '2019-06-20', 1, '2019-08-27', 'Working', 'Not For Repair', 'Default Admin', '9'),
(87, 'Motherboard', 'NA', 'NA', 'NA', '2019-06-20', 1, '2019-08-27', 'Working', 'Not For Repair', 'Default Admin', '9'),
(88, 'GPU', 'NA', ': INTEL UHD Graphics 630', 'NA', '2019-06-20', 1, '2019-08-27', 'Working', 'Not For Repair', 'Default Admin', '9'),
(89, 'RAM', 'NA', '8GB DDR4 Memory', 'NA', '2019-06-20', 1, '2019-08-27', 'Working', 'Not For Repair', 'Default Admin', '9'),
(90, 'HDD', 'NA', '1 TB Hard Drive', 'NA', '2019-06-20', 1, '2019-08-27', 'Working', 'Not For Repair', 'Default Admin', '9'),
(91, 'Monitor', 'ACER V6 SERIES', '21.5 / 55 cm Viewable', 'MMLXLSS023913075F94263', '2019-06-20', 1, '2019-08-27', 'Working', 'Not For Repair', 'Default Admin', '10'),
(92, 'Keyboard', 'NA', 'USB Keyboard ', 'NA', '2019-06-20', 1, '2019-08-27', 'Working', 'Not For Repair', 'Default Admin', '10'),
(93, 'Mouse', 'NA', 'USB Optical Mouse', 'NA', '2019-06-20', 1, '2019-08-27', 'Working', 'Not For Repair', 'Default Admin', '10'),
(94, 'AVR', 'NA', 'NA', 'NA', '2019-06-20', 1, '2019-08-27', 'Working', 'Not For Repair', 'Default Admin', '10'),
(95, 'Headset', 'NA', 'NA', 'NA', '2019-06-20', 1, '2019-08-27', 'Working', 'Not For Repair', 'Default Admin', '10'),
(96, 'CPU', 'NA', '8th GEN INTEL  CORE  i7 processor 8700', 'NA', '2019-06-20', 1, '2019-08-27', 'Working', 'Not For Repair', 'Default Admin', '10'),
(97, 'Motherboard', 'NA', 'NA', 'NA', '2019-06-20', 1, '2019-08-27', 'Working', 'Not For Repair', 'Default Admin', '10'),
(98, 'GPU', 'NA', 'INTEL UHD Graphics 630', 'NA', '2019-06-20', 1, '2019-08-27', 'Working', 'Not For Repair', 'Default Admin', '10'),
(99, 'RAM', 'NA', '8GB DDR4 Memory', 'NA', '2019-06-20', 1, '2019-08-27', 'Working', 'Not For Repair', 'Default Admin', '10'),
(100, 'HDD', 'NA', '1 TB Hard Drive', 'NA', '2019-06-20', 1, '2019-08-27', 'Working', 'Not For Repair', 'Default Admin', '10'),
(101, 'Monitor', 'LENOVO', 'NA', 'V308497', '2019-06-20', 1, '2019-08-27', 'Okay na pooo!!! ', 'Fixed', 'Default Admin', '11'),
(102, 'Keyboard', 'LENOVO', 'NA', '0064433', '2019-06-20', 1, '2019-08-27', 'Okay na sya. No worries.', 'Fixed', 'Default Admin', '11'),
(103, 'Mouse', 'LENOVO', 'NA', '44A5888049', '2019-06-20', 1, '2019-08-27', 'Okay na! :)', 'Fixed', 'Default Admin', '11'),
(104, 'AVR', 'NA', 'NA', 'NA', '2019-06-20', 1, '2019-08-27', 'Working', 'Not For Repair', 'Default Admin', '11'),
(105, 'Headset', 'NA', 'NA', 'NA', '2019-06-20', 1, '2019-08-27', 'Working', 'Not For Repair', 'Default Admin', '11'),
(106, 'CPU', 'NA', 'NA', 'NA', '2019-06-20', 1, '2019-08-27', 'Working', 'Not For Repair', 'Default Admin', '11'),
(107, 'Motherboard', 'INTEL LENOVO', 'NA', 'NA', '2019-06-20', 1, '2019-08-27', 'Working', 'Not For Repair', 'Default Admin', '11'),
(108, 'GPU', 'NA', 'NA', 'NA', '2019-06-20', 1, '2019-08-27', 'Working', 'Not For Repair', 'Default Admin', '11'),
(109, 'RAM', 'SAMSUNG 2GB', 'NA', '11S41A1102ZVJ3LJ95MOR2', '2019-06-20', 1, '2019-08-27', 'Working', 'Not For Repair', 'Default Admin', '11'),
(110, 'HDD', 'SEAGATE 160GB', 'NA', '6RAFK39P', '2019-06-20', 1, '2019-08-27', 'Working', 'Not For Repair', 'Default Admin', '11'),
(111, 'Monitor', 'LENOVO', 'NA', 'V307743', '2019-06-29', 1, '2019-08-27', 'Working', 'Not For Repair', 'Default Admin', '12'),
(112, 'Keyboard', 'LENOVO', 'NA', '0063521', '2019-06-29', 1, '2019-08-27', 'Working', 'Not For Repair', 'Default Admin', '12'),
(113, 'Mouse', 'LENOVO', 'NA', '44D6809049', '2019-06-20', 1, '2019-08-27', 'Working', 'Not For Repair', 'Default Admin', '12'),
(114, 'AVR', 'NA', 'NA', 'NA', '2019-06-20', 1, '2019-08-27', 'Working', 'Not For Repair', 'Default Admin', '12'),
(115, 'Headset', 'NA', 'NA', 'NA', '2019-06-20', 1, '2019-08-27', 'Working', 'Not For Repair', 'Default Admin', '12'),
(116, 'CPU', 'NA', 'NA', 'NA', '2019-06-20', 1, '2019-08-27', 'Working', 'Not For Repair', 'Default Admin', '12'),
(117, 'Motherboard', 'INTEL LENOVO', 'NA', 'NA', '2019-06-20', 1, '2019-08-27', 'Working', 'Not For Repair', 'Default Admin', '12'),
(118, 'GPU', 'NA', 'NA', 'NA', '2019-06-20', 1, '2019-08-27', 'Working', 'Not For Repair', 'Default Admin', '12'),
(119, 'RAM', 'SAMSUNG', 'SAMSUNG 2GB', '11S41A1102ZVJ3LJ95MOQ5', '2019-06-20', 1, '2019-08-27', 'Working', 'Not For Repair', 'Default Admin', '12'),
(120, 'HDD', 'SEAGATE 500GB', 'NA', 'W9A93YA5', '2019-06-20', 1, '2019-08-27', 'Working', 'Not For Repair', 'Default Admin', '12'),
(121, 'Monitor', 'LENOVO', 'NA', ' V307786', '2019-06-20', 1, '2019-08-27', 'Working', 'Not For Repair', 'Default Admin', '13'),
(122, 'Keyboard', 'LENOVO', 'NA', '0064557', '2019-06-20', 1, '2019-08-27', 'Working', 'Not For Repair', 'Default Admin', '13'),
(123, 'Mouse', 'A4TECH', 'NA', 'NA', '2019-06-20', 1, '2019-08-27', 'Working', 'Not For Repair', 'Default Admin', '13'),
(124, 'AVR', 'NA', 'NA', 'NA', '2019-06-20', 1, '2019-08-27', 'Working', 'Not For Repair', 'Default Admin', '13'),
(125, 'Headset', 'NA', 'NA', 'NA', '2019-06-20', 1, '2019-08-27', 'Working', 'Not For Repair', 'Default Admin', '13'),
(126, 'CPU', 'NA', 'NA', 'NA', '2019-06-20', 1, '2019-08-27', 'Working', 'Not For Repair', 'Default Admin', '13'),
(127, 'Motherboard', 'INTEL LENOVO', 'NA', 'NA', '2019-06-20', 1, '2019-08-27', 'Working', 'Not For Repair', 'Default Admin', '13'),
(128, 'GPU', 'NA', 'NA', 'NA', '2019-06-20', 1, '2019-08-27', 'Working', 'Not For Repair', 'Default Admin', '13'),
(129, 'RAM', 'SAMSUNG 2GB', 'NA', 'K4T16083QB-ZCE6', '2019-06-20', 1, '2019-08-27', 'Working', 'Not For Repair', 'Default Admin', '13'),
(130, 'HDD', 'SEAGATE 500GB', 'NA', '6RAFJZLB', '2019-06-20', 1, '2019-08-27', 'Working', 'Not For Repair', 'Default Admin', '13'),
(131, 'Monitor', 'LENOVO', 'NA', 'V307912', '2019-06-20', 1, '2019-08-27', 'Working', 'Not For Repair', 'Default Admin', '14'),
(132, 'Keyboard', 'LENOVO', 'NA', '00422854', '2019-06-20', 1, '2019-08-27', 'Working', 'Not For Repair', 'Default Admin', '14'),
(133, 'Mouse', 'LENOVO', 'NA', '44A5805049', '2019-06-20', 1, '2019-08-27', 'Working', 'Not For Repair', 'Default Admin', '14'),
(134, 'AVR', 'NA', 'NA', 'NA', '2019-06-20', 1, '2019-08-27', 'Working', 'Not For Repair', 'Default Admin', '14'),
(135, 'Headset', 'NA', 'NA', 'NA', '2019-06-20', 1, '2019-08-27', 'Working', 'Not For Repair', 'Default Admin', '14'),
(136, 'CPU', 'NA', 'NA', 'NA', '2019-06-20', 1, '2019-08-27', 'Working', 'Not For Repair', 'Default Admin', '14'),
(137, 'Motherboard', '44A5805049', 'NA', 'NA', '2019-06-20', 1, '2019-08-27', 'Working', 'Not For Repair', 'Default Admin', '14'),
(138, 'GPU', 'NA', 'NA', 'NA', '2019-06-20', 1, '2019-08-27', 'Working', 'Not For Repair', 'Default Admin', '14'),
(139, 'RAM', 'SAMSUNG 2GB', 'NA', '11S41A1102ZJ3LJ95MOL9', '2019-06-20', 1, '2019-08-27', 'Working', 'Not For Repair', 'Default Admin', '14'),
(140, 'HDD', 'SEAGATE 500GB', 'NA', '6RAFK28H', '2019-06-20', 1, '2019-08-27', 'Working', 'Not For Repair', 'Default Admin', '14'),
(141, 'Monitor', 'LENOVO', 'NA', 'V307960', '2019-06-20', 1, '2019-08-27', 'Working', 'Not For Repair', 'Default Admin', '15'),
(142, 'Keyboard', 'LENOVO', 'NA', '0064477', '2019-06-20', 1, '2019-08-27', 'Working', 'Not For Repair', 'Default Admin', '15'),
(143, 'Mouse', 'LENOVO', 'NA', '44B8916049', '2019-06-20', 1, '2019-08-27', 'Working', 'Not For Repair', 'Default Admin', '15'),
(144, 'AVR', 'NA', 'NA', 'NA', '2019-06-20', 1, '2019-08-27', 'Working', 'Not For Repair', 'Default Admin', '15'),
(145, 'Headset', 'NA', 'NA', 'NA', '2019-06-20', 1, '2019-08-27', 'Working', 'Not For Repair', 'Default Admin', '15'),
(146, 'CPU', 'NA', 'NA', 'NA', '2019-06-20', 1, '2019-08-27', 'Working', 'Not For Repair', 'Default Admin', '15'),
(147, 'Motherboard', 'INTEL LENOVO', 'NA', 'NA', '2019-06-20', 1, '2019-08-27', 'Working', 'Not For Repair', 'Default Admin', '15'),
(148, 'GPU', 'NA', 'NA', 'NA', '2019-06-20', 1, '2019-08-27', 'Working', 'Not For Repair', 'Default Admin', '15'),
(149, 'RAM', 'SAMSUNG 2GB', 'NA', '11S41A1102ZVJ3LJ95MORW', '2019-06-20', 1, '2019-08-27', 'Working', 'Not For Repair', 'Default Admin', '15'),
(150, 'HDD', 'SEAGATE 160GB', 'NA', '6RAFKO1X', '2019-06-20', 1, '2019-08-27', 'Working', 'Not For Repair', 'Default Admin', '15'),
(151, 'Monitor', 'LENOVO', 'NA', 'V307944', '2019-06-20', 1, '2019-08-27', 'Working', 'Not For Repair', 'Default Admin', '16'),
(152, 'Keyboard', 'LENOVO', 'NA', '0064494', '2019-06-20', 1, '2019-08-27', 'Working', 'Not For Repair', 'Default Admin', '16'),
(153, 'Mouse', 'LENOVO', 'NA', '44A5836049', '2019-06-20', 1, '2019-08-27', 'Working', 'Not For Repair', 'Default Admin', '16'),
(154, 'AVR', 'NA', 'NA', 'NA', '2019-06-20', 1, '2019-08-27', 'Working', 'Not For Repair', 'Default Admin', '16'),
(155, 'Headset', 'NA', 'NA', 'NA', '2019-06-20', 1, '2019-08-27', 'Working', 'Not For Repair', 'Default Admin', '16'),
(156, 'CPU', 'NA', 'NA', 'NA', '2019-06-20', 1, '2019-08-27', 'Working', 'Not For Repair', 'Default Admin', '16'),
(157, 'Motherboard', 'INTEL LENOVO', 'NA', 'NA', '2019-06-20', 1, '2019-08-27', 'Working', 'Not For Repair', 'Default Admin', '16'),
(158, 'GPU', 'NA', 'NA', 'NA', '2019-06-20', 1, '2019-08-27', 'Working', 'Not For Repair', 'Default Admin', '16'),
(159, 'RAM', 'SAMSUNG  2GB', 'NA', 'K4TI6083QB-ZCE6', '2019-06-20', 1, '2019-08-27', 'Working', 'Not For Repair', 'Default Admin', '16'),
(160, 'HDD', 'SEAGATE 160GB', 'NA', '6RAFHXGG', '2019-06-20', 1, '2019-08-27', 'Working', 'Not For Repair', 'Default Admin', '16'),
(161, 'Monitor', 'LENOVO', 'NA', 'V308562', '2019-06-20', 1, '2019-08-27', 'Working', 'Not For Repair', 'Default Admin', '17'),
(162, 'Keyboard', 'LENOVO', 'NA', '0157721', '2019-06-20', 1, '2019-08-27', 'Working', 'Not For Repair', 'Default Admin', '17'),
(163, 'Mouse', 'LENOVO', 'NA', '44D6917049', '2019-06-20', 1, '2019-08-27', 'Working', 'Not For Repair', 'Default Admin', '17'),
(164, 'AVR', 'NA', 'NA', 'NA', '2019-06-20', 1, '2019-08-27', 'Working', 'Not For Repair', 'Default Admin', '17'),
(165, 'Headset', 'NA', 'NA', 'NA', '2019-06-20', 1, '2019-08-27', 'Working', 'Not For Repair', 'Default Admin', '17'),
(166, 'CPU', 'NA', 'NA', 'NA', '2019-06-20', 1, '2019-08-27', 'Working', 'Not For Repair', 'Default Admin', '17'),
(167, 'Motherboard', 'INTEL LENOVO', 'NA', 'NA', '2019-06-20', 1, '2019-08-27', 'Working', 'Not For Repair', 'Default Admin', '17'),
(168, 'GPU', 'NA', 'NA', 'NA', '2019-06-20', 1, '2019-08-27', 'Working', 'Not For Repair', 'Default Admin', '17'),
(169, 'RAM', 'SAMSUNG 2GB', 'NA', '11S41A1102ZVJ3LJ95MOQR', '2019-06-20', 1, '2019-08-27', 'Working', 'Not For Repair', 'Default Admin', '17'),
(170, 'HDD', 'SEAGATE 160GB', 'NA', '6RAFK339', '2019-06-20', 1, '2019-08-27', 'Working', 'Not For Repair', 'Default Admin', '17'),
(171, 'Monitor', 'LENOVO', 'NA', 'V307792', '2019-06-20', 1, '2019-08-27', 'Working', 'Not For Repair', 'Default Admin', '18'),
(172, 'Keyboard', 'LENOVO', 'NA', '0063526', '2019-06-20', 1, '2019-08-27', 'Working', 'Not For Repair', 'Default Admin', '18'),
(173, 'Mouse', 'LENOVO', 'NA', '44B8964049', '2019-06-20', 1, '2019-08-27', 'Working', 'Not For Repair', 'Default Admin', '18'),
(174, 'AVR', 'NA', 'NA', 'NA', '2019-06-20', 1, '2019-08-27', 'Working', 'Not For Repair', 'Default Admin', '18'),
(175, 'Headset', 'NA', 'NA', 'NA', '2019-06-20', 1, '2019-08-27', 'Working', 'Not For Repair', 'Default Admin', '18'),
(176, 'CPU', 'NA', 'NA', 'NA', '2019-06-20', 1, '2019-08-27', 'Working', 'Not For Repair', 'Default Admin', '18'),
(177, 'Motherboard', 'INTEL LENOVO', 'NA', 'NA', '2019-06-20', 1, '2019-08-27', 'Working', 'Not For Repair', 'Default Admin', '18'),
(178, 'GPU', 'NA', 'NA', 'NA', '2019-06-20', 1, '2019-08-27', 'Working', 'Not For Repair', 'Default Admin', '18'),
(179, 'RAM', 'SAMSUNG 2GB', 'NA', '11S41A1102ZJ3LJ95MOSQ', '2019-06-20', 1, '2019-08-27', 'Working', 'Not For Repair', 'Default Admin', '18'),
(180, 'HDD', 'SEAGATE 160GB', 'NA', '6RAFJYQN', '2019-06-20', 1, '2019-08-27', 'Working', 'Not For Repair', 'Default Admin', '18'),
(181, 'Monitor', 'LENOVO', 'NA', 'V307916', '2019-06-20', 1, '2019-08-27', 'Working', 'Not For Repair', 'Default Admin', '19'),
(182, 'Keyboard', 'LENOVO', 'NA', '0064552', '2019-06-20', 1, '2019-08-27', 'Working', 'Not For Repair', 'Default Admin', '19'),
(183, 'Mouse', 'LENOVO', 'NA', '44D6872049', '2019-06-20', 1, '2019-08-27', 'Working', 'Not For Repair', 'Default Admin', '19'),
(184, 'AVR', 'NA', 'NA', 'NA', '2019-06-20', 1, '2019-08-27', 'Working', 'Not For Repair', 'Default Admin', '19'),
(185, 'Headset', 'NA', 'NA', 'NA', '2019-06-20', 1, '2019-08-27', 'Working', 'Not For Repair', 'Default Admin', '19'),
(186, 'CPU', 'NA', 'NA', 'NA', '2019-06-20', 1, '2019-08-27', 'Working', 'Not For Repair', 'Default Admin', '19'),
(187, 'Motherboard', 'INTEL LENOVO', 'NA', 'NA', '2019-06-20', 1, '2019-08-27', 'Working', 'Not For Repair', 'Default Admin', '19'),
(188, 'GPU', 'NA', 'NA', 'NA', '2019-06-20', 1, '2019-08-27', 'Working', 'Not For Repair', 'Default Admin', '19'),
(189, 'RAM', 'SAMSUNG 2GB', 'NA', '11S41A1102ZVJ3LJ95MOS3', '2019-06-20', 1, '2019-08-27', 'Working', 'Not For Repair', 'Default Admin', '19'),
(190, 'HDD', 'SEAGATE 160GB', 'NA', '6RAFJ2NL', '2019-06-20', 1, '2019-08-27', 'Working', 'Not For Repair', 'Default Admin', '19'),
(191, 'Monitor', 'LENOVO', 'NA', 'V307884', '2019-06-20', 1, '2019-08-27', 'Working', 'Not For Repair', 'Default Admin', '20'),
(192, 'Keyboard', 'LENOVO', 'NA', '0150177', '2019-06-20', 1, '2019-08-27', 'Working', 'Not For Repair', 'Default Admin', '20'),
(193, 'Mouse', 'LENOVO', 'NA', '44A5834049', '2019-06-20', 1, '2019-08-27', 'Working', 'Not For Repair', 'Default Admin', '20'),
(194, 'AVR', 'NA', 'NA', 'NA', '2019-06-20', 1, '2019-08-27', 'Working', 'Not For Repair', 'Default Admin', '20'),
(195, 'Headset', 'NA', 'NA', 'NA', '2019-06-20', 1, '2019-08-27', 'Working', 'Not For Repair', 'Default Admin', '20'),
(196, 'CPU', 'NA', 'NA', 'NA', '2019-06-20', 1, '2019-08-27', 'Working', 'Not For Repair', 'Default Admin', '20'),
(197, 'Motherboard', 'INTEL LENOVO', 'NA', 'NA', '2019-06-20', 1, '2019-08-27', 'Working', 'Not For Repair', 'Default Admin', '20'),
(198, 'GPU', 'NA', 'NA', 'NA', '2019-06-20', 1, '2019-08-27', 'Working', 'Not For Repair', 'Default Admin', '20'),
(199, 'RAM', 'ELPIDA 2GB', 'NA', '11S41A1102ZVJ3HE95T3D6', '2019-06-20', 1, '2019-08-27', 'Working', 'Not For Repair', 'Default Admin', '20'),
(200, 'HDD', 'SEAGATE 160GB', 'NA', 'Z9924PKI', '2019-06-20', 1, '2019-08-27', 'Working', 'Not For Repair', 'Default Admin', '20'),
(201, 'Monitor', 'LENOVO', 'NA', 'V307773', '2019-06-20', 1, '2019-08-27', 'Working', 'Not For Repair', 'Default Admin', '21'),
(202, 'Keyboard', 'LENOVO', 'NA', '0157728', '2019-06-20', 1, '2019-08-27', 'Working', 'Not For Repair', 'Default Admin', '21'),
(203, 'Mouse', 'LENOVO', 'NA', '44B8865049', '2019-06-20', 1, '2019-08-27', 'Working', 'Not For Repair', 'Default Admin', '21'),
(204, 'AVR', 'NA', 'NA', 'NA', '2019-06-20', 1, '2019-08-27', 'Working', 'Not For Repair', 'Default Admin', '21'),
(205, 'Headset', 'NA', 'NA', 'NA', '2019-06-20', 1, '2019-08-27', 'Working', 'Not For Repair', 'Default Admin', '21'),
(206, 'CPU', 'NA', 'NA', 'NA', '2019-06-20', 1, '2019-08-27', 'Working', 'Not For Repair', 'Default Admin', '21'),
(207, 'Motherboard', 'INTEL LENOVO', 'NA', 'NA', '2019-06-20', 1, '2019-08-27', 'Working', 'Not For Repair', 'Default Admin', '21'),
(208, 'GPU', 'NA', 'NA', 'NA', '2019-06-20', 1, '2019-08-27', 'Working', 'Not For Repair', 'Default Admin', '21'),
(209, 'RAM', 'SAMSUNG 2GB', 'NA', '11S41A1102ZJ3LJ95M0KB', '2019-06-20', 1, '2019-08-27', 'Working', 'Not For Repair', 'Default Admin', '21'),
(210, 'HDD', 'SEAGATE 160GB', 'NA', '6RAFK3CQ', '2019-06-20', 1, '2019-08-27', 'Working', 'Not For Repair', 'Default Admin', '21'),
(211, 'Monitor', 'LENOVO', 'NA', 'V307938', '2019-06-20', 1, '2019-08-27', 'Working', 'Not For Repair', 'Default Admin', '22'),
(212, 'Keyboard', 'LENOVO', 'NA', '00422875', '2019-06-20', 1, '2019-08-27', 'Working', 'Not For Repair', 'Default Admin', '22'),
(213, 'Mouse', 'LENOVO', 'NA', '44D6827049', '2019-06-20', 1, '2019-08-27', 'Working', 'Not For Repair', 'Default Admin', '22'),
(214, 'AVR', 'NA', 'NA', 'NA', '2019-06-20', 1, '2019-08-27', 'Working', 'Not For Repair', 'Default Admin', '22'),
(215, 'Headset', 'NA', 'NA', 'NA', '2019-06-20', 1, '2019-08-27', 'Working', 'Not For Repair', 'Default Admin', '22'),
(216, 'CPU', 'NA', 'NA', 'NA', '2019-06-20', 1, '2019-08-27', 'Working', 'Not For Repair', 'Default Admin', '22'),
(217, 'Motherboard', 'INTEL LENOVO', 'NA', 'NA', '2019-06-20', 1, '2019-08-27', 'Working', 'Not For Repair', 'Default Admin', '22'),
(218, 'GPU', 'NA', 'NA', 'NA', '2019-06-20', 1, '2019-08-27', 'Working', 'Not For Repair', 'Default Admin', '22'),
(219, 'RAM', 'SAMSUNG 2GB', 'NA', '11S41A1102ZJ3LJ95MOSH', '2019-06-20', 1, '2019-08-27', 'Working', 'Not For Repair', 'Default Admin', '22'),
(220, 'HDD', 'SEAGATE 160GB', 'NA', '6RAFK3F1', '2019-06-20', 1, '2019-08-27', 'Working', 'Not For Repair', 'Default Admin', '22'),
(221, 'Monitor', 'LENOVO', 'NA', 'V307752', '2019-06-20', 1, '2019-08-27', 'Working', 'Not For Repair', 'Default Admin', '23'),
(222, 'Keyboard', 'LENOVO', 'NA', '00422859', '2019-06-20', 1, '2019-08-27', 'Working', 'Not For Repair', 'Default Admin', '23'),
(223, 'Mouse', 'LENOVO', 'NA', '44D6916', '2019-06-20', 1, '2019-08-27', 'Working', 'Not For Repair', 'Default Admin', '23'),
(224, 'AVR', 'NA', 'NA', 'NA', '2019-06-20', 1, '2019-08-27', 'Working', 'Not For Repair', 'Default Admin', '23'),
(225, 'Headset', 'NA', 'NA', 'NA', '2019-06-20', 1, '2019-08-27', 'Working', 'Not For Repair', 'Default Admin', '23'),
(226, 'CPU', 'NA', 'NA', 'NA', '2019-06-20', 1, '2019-08-27', 'Working', 'Not For Repair', 'Default Admin', '23'),
(227, 'Motherboard', 'INTEL LENOVO', 'NA', 'NA', '2019-06-20', 1, '2019-08-27', 'Working', 'Not For Repair', 'Default Admin', '23'),
(228, 'GPU', 'NA', 'NA', 'NA', '2019-06-20', 1, '2019-08-27', 'Working', 'Not For Repair', 'Default Admin', '23'),
(229, 'RAM', 'SAMSUNG 2GB', 'NA', '11S41A1102ZJ3LJ95MOKP', '2019-06-20', 1, '2019-08-27', 'Working', 'Not For Repair', 'Default Admin', '23'),
(230, 'HDD', 'SEAGATE 160GB', 'NA', '6RAFJZ1K', '2019-06-20', 1, '2019-08-27', 'Working', 'Not For Repair', 'Default Admin', '23'),
(231, 'Monitor', 'LENOVO', 'NA', 'V307927', '2019-06-20', 1, '2019-08-28', 'Working', 'Not For Repair', 'Default Admin', '24'),
(232, 'Keyboard', 'LENOVO', 'NA', '0157726', '2019-06-20', 1, '2019-08-28', 'Working', 'Not For Repair', 'Default Admin', '24'),
(233, 'Mouse', 'LENOVO', 'NA', '448984', '2019-06-20', 1, '2019-08-28', 'Working', 'Not For Repair', 'Default Admin', '24'),
(234, 'AVR', 'NA', 'NA', 'NA', '2019-06-20', 1, '2019-08-28', 'Working', 'Not For Repair', 'Default Admin', '24'),
(235, 'Headset', 'NA', 'NA', 'NA', '2019-06-20', 1, '2019-08-28', 'Working', 'Not For Repair', 'Default Admin', '24'),
(236, 'CPU', 'NA', 'NA', 'NA', '2019-06-20', 1, '2019-08-28', 'Working', 'Not For Repair', 'Default Admin', '24'),
(237, 'Motherboard', 'INTEL LENOVO', 'NA', 'NA', '2019-06-20', 1, '2019-08-28', 'Working', 'Not For Repair', 'Default Admin', '24'),
(238, 'GPU', 'NA', 'NA', 'NA', '2019-06-20', 1, '2019-08-28', 'Working', 'Not For Repair', 'Default Admin', '24'),
(239, 'RAM', 'SAMSUNG 2GB', 'NA', '11S41A1102ZJ3LJ95MOSD', '2019-06-20', 1, '2019-08-28', 'Working', 'Not For Repair', 'Default Admin', '24'),
(240, 'HDD', 'SEAGATE 160GB', 'NA', '6RAFKIRL', '2019-06-20', 1, '2019-08-28', 'Working', 'Not For Repair', 'Default Admin', '24'),
(241, 'Monitor', 'LENOVO', 'NA', 'V307955', '2019-06-20', 1, '2019-08-28', 'Working', 'Not For Repair', 'Default Admin', '25'),
(242, 'Keyboard', 'LENOVO', 'NA', '00422024', '2019-06-20', 1, '2019-08-28', 'Working', 'Not For Repair', 'Default Admin', '25'),
(243, 'Mouse', 'LENOVO', 'NA', '44B8868049', '2019-06-20', 1, '2019-08-28', 'Working', 'Not For Repair', 'Default Admin', '25'),
(244, 'AVR', 'NA', 'NA', 'NA', '2019-06-20', 1, '2019-08-28', 'Working', 'Not For Repair', 'Default Admin', '25'),
(245, 'Headset', 'NA', 'NA', 'NA', '2019-06-20', 1, '2019-08-28', 'Working', 'Not For Repair', 'Default Admin', '25'),
(246, 'CPU', 'NA', 'NA', 'NA', '2019-06-20', 1, '2019-08-28', 'Working', 'Not For Repair', 'Default Admin', '25'),
(247, 'Motherboard', 'INTEL LENOVO', 'NA', 'NA', '2019-06-20', 1, '2019-08-28', 'Working', 'Not For Repair', 'Default Admin', '25'),
(248, 'GPU', 'NA', 'NA', 'NA', '2019-06-20', 1, '2019-08-28', 'Working', 'Not For Repair', 'Default Admin', '25'),
(249, 'RAM', 'KINGSTON 2GB', 'NA', '11S41A1102ZVJ3L95M0Q1', '2019-06-20', 1, '2019-08-28', 'Working', 'Not For Repair', 'Default Admin', '25'),
(250, 'HDD', 'SEAGATE 160GB', 'NA', '6RAFK39V', '2019-06-20', 1, '2019-08-28', 'Working', 'Not For Repair', 'Default Admin', '25'),
(251, 'Monitor', 'LENOVO', 'NA', 'V308547', '2019-06-20', 1, '2019-08-28', 'Working', 'Not For Repair', 'Default Admin', '26'),
(252, 'Keyboard', 'LENOVO', 'NA', '00422095', '2019-06-20', 1, '2019-08-28', 'Working', 'Not For Repair', 'Default Admin', '26'),
(253, 'Mouse', 'LENOVO', 'NA', '44D6888049', '2019-06-20', 1, '2019-08-28', 'Working', 'Not For Repair', 'Default Admin', '26'),
(254, 'AVR', 'NA', 'NA', 'NA', '2019-06-20', 1, '2019-08-28', 'Working', 'Not For Repair', 'Default Admin', '26'),
(255, 'Headset', 'NA', 'NA', 'NA', '2019-06-20', 1, '2019-08-28', 'Working', 'Not For Repair', 'Default Admin', '26'),
(256, 'CPU', 'NA', 'NA', 'NA', '2019-06-20', 1, '2019-08-28', 'Working', 'Not For Repair', 'Default Admin', '26'),
(257, 'Motherboard', 'INTEL LENOVO', 'NA', 'NA', '2019-06-20', 1, '2019-08-28', 'Working', 'Not For Repair', 'Default Admin', '26'),
(258, 'GPU', 'NA', 'NA', 'NA', '2019-06-20', 1, '2019-06-28', 'Working', 'Not For Repair', 'Default Admin', '26'),
(259, 'RAM', 'SAMSUNG 2GB', 'NA', '11S41A1102ZJ3LJ95M0R8', '2019-06-20', 1, '2019-06-28', 'Working', 'Not For Repair', 'Default Admin', '26'),
(260, 'HDD', 'SEAGATE 160GB', 'NA', '6RAFK0RW', '2019-06-20', 1, '2019-06-28', 'Working', 'Not For Repair', 'Default Admin', '26'),
(261, 'Monitor', 'LENOVO', 'NA', 'V307917', '2019-06-20', 1, '2019-08-28', 'Working', 'Not For Repair', 'Default Admin', '27'),
(262, 'Keyboard', 'LENOVO', 'NA', '0063587', '2019-06-20', 1, '2019-08-28', 'Working', 'Not For Repair', 'Default Admin', '27'),
(263, 'Mouse', 'LENOVO', 'NA', '44D6919049', '2019-06-20', 1, '2019-08-28', 'Working', 'Not For Repair', 'Default Admin', '27'),
(264, 'AVR', 'NA', 'NA', 'NA', '2019-06-20', 1, '2019-08-28', 'Working', 'Not For Repair', 'Default Admin', '27'),
(265, 'Headset', 'NA', 'NA', 'NA', '2019-06-20', 1, '2019-08-28', 'Working', 'Not For Repair', 'Default Admin', '27'),
(266, 'CPU', 'NA', 'NA', 'NA', '2019-06-20', 1, '2019-08-28', 'Working', 'Not For Repair', 'Default Admin', '27'),
(267, 'Motherboard', 'INTEL LENOVO', 'NA', 'NA', '2019-06-20', 1, '2019-08-28', 'Working', 'Not For Repair', 'Default Admin', '27'),
(268, 'GPU', 'NA', 'NA', 'NA', '2019-06-20', 1, '2019-08-28', 'Working', 'Not For Repair', 'Default Admin', '27'),
(269, 'RAM', 'SAMSUNG 2GB', 'NA', 'IIS4IAII02ZJ3LJ95MORK', '2019-06-20', 1, '2019-08-28', 'Working', 'Not For Repair', 'Default Admin', '27'),
(270, 'HDD', 'SEAGATE 160GB', 'NA', '6RAFK094', '2019-06-20', 1, '2019-08-28', 'Working', 'Not For Repair', 'Default Admin', '27'),
(271, 'Monitor', 'LENOVO', 'NA', 'V507882', '2019-06-20', 1, '2019-08-28', 'Working', 'Not For Repair', 'Default Admin', '28'),
(272, 'Keyboard', 'LENOVO', 'NA', '00422959', '2019-06-20', 1, '2019-08-28', 'Working', 'Not For Repair', 'Default Admin', '28'),
(273, 'Mouse', 'LENOVO', 'NA', '44B8888049', '2019-06-20', 1, '2019-08-28', 'Working', 'Not For Repair', 'Default Admin', '28'),
(274, 'AVR', 'NA', 'NA', 'NA', '2019-06-20', 1, '2019-08-28', 'Working', 'Not For Repair', 'Default Admin', '28'),
(275, 'Headset', 'NA', 'NA', 'NA', '2019-06-20', 1, '2019-08-28', 'Working', 'Not For Repair', 'Default Admin', '28'),
(276, 'CPU', 'NA', 'NA', 'NA', '2019-06-20', 1, '2019-08-28', 'Working', 'Not For Repair', 'Default Admin', '28'),
(277, 'Motherboard', 'INTEL LENOVO', 'NA', 'NA', '2019-06-20', 1, '2019-08-28', 'Working', 'Not For Repair', 'Default Admin', '28'),
(278, 'GPU', 'NA', 'NA', 'NA', '2019-06-20', 1, '2019-08-28', 'Working', 'Not For Repair', 'Default Admin', '28'),
(279, 'RAM', 'SAMSUNG 2GB', 'NA', 'IIS4IAII02ZJ3LJ95MOQK', '2019-06-20', 1, '2019-08-28', 'Working', 'Not For Repair', 'Default Admin', '28'),
(280, 'HDD', 'SEAGATE 160GB', 'NA', '6RAFK20T', '2019-06-20', 1, '2019-08-28', 'Working', 'Not For Repair', 'Default Admin', '28'),
(281, 'Monitor', 'LENOVO', 'NA', 'V307878', '2019-06-20', 1, '2019-08-28', 'Working', 'Not For Repair', 'Default Admin', '29'),
(282, 'Keyboard', 'LENOVO', 'NA', '00422017', '2019-06-20', 1, '2019-08-28', 'Working', 'Not For Repair', 'Default Admin', '29'),
(283, 'Mouse', 'LENOVO', 'NA', '44B8939049', '2019-06-20', 1, '2019-08-28', 'Working', 'Not For Repair', 'Default Admin', '29'),
(284, 'AVR', 'NA', 'NA', 'NA', '2019-06-20', 1, '2019-08-28', 'Working', 'Not For Repair', 'Default Admin', '29'),
(285, 'Headset', 'NA', 'NA', 'NA', '2019-06-20', 1, '2019-08-28', 'Working', 'Not For Repair', 'Default Admin', '29'),
(286, 'CPU', 'NA', 'NA', 'NA', '2019-06-20', 1, '2019-08-28', 'Working', 'Not For Repair', 'Default Admin', '29'),
(287, 'Motherboard', 'INTEL LENOVO', 'NA', 'NA', '2019-06-20', 1, '2019-08-28', 'Working', 'Not For Repair', 'Default Admin', '29'),
(288, 'GPU', 'NA', 'NA', 'NA', '2019-06-20', 1, '2019-08-28', 'Working', 'Not For Repair', 'Default Admin', '29'),
(289, 'RAM', 'SAMSUNG 2GB', 'NA', 'IIS4IAII02ZJ3LI95MON8', '2019-06-20', 1, '2019-08-28', 'Working', 'Not For Repair', 'Default Admin', '29'),
(290, 'HDD', 'SEAGATE 160GB', 'NA', '6RAFK9DC', '2019-06-20', 1, '2019-08-28', 'Working', 'Not For Repair', 'Default Admin', '29'),
(291, 'Monitor', 'LENOVO', 'NA', 'V307909', '2019-06-20', 1, '2019-08-28', 'Working', 'Not For Repair', 'Default Admin', '30'),
(292, 'Keyboard', 'LENOVO', 'NA', '064447', '2019-06-20', 1, '2019-08-28', 'Working', 'Not For Repair', 'Default Admin', '30'),
(293, 'Mouse', 'LENOVO', 'NA', '44A5773049', '2019-06-20', 1, '2019-08-28', 'Working', 'Not For Repair', 'Default Admin', '30'),
(294, 'AVR', 'NA', 'NA', 'NA', '2019-06-20', 1, '2019-08-28', 'Working', 'Not For Repair', 'Default Admin', '30'),
(295, 'Headset', 'NA', 'NA', 'NA', '2019-06-20', 1, '2019-08-28', 'Working', 'Not For Repair', 'Default Admin', '30'),
(296, 'CPU', 'NA', 'NA', 'NA', '2019-06-20', 1, '2019-08-28', 'Working', 'Not For Repair', 'Default Admin', '30'),
(297, 'Motherboard', 'INTEL LENOVO', 'NA', 'NA', '2019-06-20', 1, '2019-08-28', 'Working', 'Not For Repair', 'Default Admin', '30'),
(298, 'GPU', 'NA', 'NA', 'NA', '2019-06-20', 1, '2019-08-28', 'Working', 'Not For Repair', 'Default Admin', '30'),
(299, 'RAM', 'NA', '2GB', '11S41A1102ZJ3LJ95M0P6', '2019-06-20', 1, '2019-08-28', 'Working', 'Not For Repair', 'Default Admin', '30'),
(300, 'HDD', 'NA', '160GB', '6RAF30Q', '2019-06-20', 1, '2019-08-28', 'Working', 'Not For Repair', 'Default Admin', '30'),
(301, 'Monitor', 'LENOVO', 'NA', 'V307909', '2019-06-20', 1, '2019-08-28', 'Working', 'Not For Repair', 'Default Admin', '30'),
(302, 'Keyboard', 'LENOVO', 'NA', '064447', '2019-06-20', 1, '2019-08-28', 'Working', 'Not For Repair', 'Default Admin', '30'),
(303, 'Mouse', 'LENOVO', 'NA', '44A5773049', '2019-06-20', 1, '2019-08-28', 'Working', 'Not For Repair', 'Default Admin', '30'),
(304, 'AVR', 'NA', 'NA', 'NA', '2019-06-20', 1, '2019-08-28', 'Working', 'Not For Repair', 'Default Admin', '30'),
(305, 'Headset', 'NA', 'NA', 'NA', '2019-06-20', 1, '2019-08-28', 'Working', 'Not For Repair', 'Default Admin', '30'),
(306, 'CPU', 'NA', 'NA', 'NA', '2019-06-20', 1, '2019-08-28', 'Working', 'Not For Repair', 'Default Admin', '30'),
(307, 'Motherboard', 'INTEL LENOVO', 'NA', 'NA', '2019-06-20', 1, '2019-08-28', 'Working', 'Not For Repair', 'Default Admin', '30'),
(308, 'GPU', 'NA', 'NA', 'NA', '2019-06-20', 1, '2019-08-28', 'Working', 'Not For Repair', 'Default Admin', '30'),
(309, 'RAM', 'NA', '2GB', '11S41A1102ZJ3LJ95M0P6', '2019-06-20', 1, '2019-08-28', 'Working', 'Not For Repair', 'Default Admin', '30'),
(310, 'HDD', 'NA', '160GB', '6RAF30Q', '2019-06-20', 1, '2019-08-28', 'Working', 'Not For Repair', 'Default Admin', '30'),
(311, 'Monitor', 'LENOVO', 'NA', 'V307994', '2019-06-20', 1, '2019-08-28', 'Working', 'Not For Repair', 'Default Admin', '31'),
(312, 'Keyboard', 'LENOVO', 'NA', '0157738', '2019-06-20', 1, '2019-08-22', 'Working', 'Not For Repair', 'Default Admin', '31'),
(313, 'Mouse', 'LENOVO', 'NA', '44D6844049', '2019-06-20', 1, '2019-08-28', 'Working', 'Not For Repair', 'Default Admin', '31'),
(314, 'AVR', 'NA', 'NA', 'NA', '2019-06-20', 1, '2019-08-28', 'Working', 'Not For Repair', 'Default Admin', '31'),
(315, 'Headset', 'NA', 'NA', 'NA', '2019-06-20', 1, '2019-08-28', 'Working', 'Not For Repair', 'Default Admin', '31'),
(316, 'CPU', 'NA', 'NA', 'NA', '2019-06-20', 1, '2019-08-28', 'Working', 'Not For Repair', 'Default Admin', '31'),
(317, 'Motherboard', 'INTEL LENOVO', 'NA', 'NA', '2019-06-20', 1, '2019-08-28', 'Working', 'Not For Repair', 'Default Admin', '31'),
(318, 'GPU', 'NA', 'NA', 'NA', '2019-06-20', 1, '2019-08-28', 'Working', 'Not For Repair', 'Default Admin', '31'),
(319, 'RAM', 'SAMSUNG 2GB', 'NA', '11S41A1102ZJ3LJ95MOSF', '2019-06-20', 1, '2019-08-28', 'Working', 'Not For Repair', 'Default Admin', '31'),
(320, 'HDD', 'SEAGATE 80GB', 'NA', '5PS2VL8F', '2019-06-20', 1, '2019-08-28', 'Working', 'Not For Repair', 'Default Admin', '31'),
(321, 'Monitor', 'LENOVO', 'NA', 'V307768', '2019-06-20', 1, '2019-08-28', 'Working', 'Not For Repair', 'Default Admin', '32'),
(322, 'Keyboard', 'LENOVO', 'NA', '0063520', '2019-06-20', 1, '2019-08-28', 'Working', 'Not For Repair', 'Default Admin', '32'),
(323, 'Mouse', 'LENOVO', 'NA', '44B9015049', '2019-06-20', 1, '2019-08-28', 'Working', 'Not For Repair', 'Default Admin', '32'),
(324, 'AVR', 'NA', 'NA', 'NA', '2019-06-20', 1, '2019-08-28', 'Working', 'Not For Repair', 'Default Admin', '32'),
(325, 'Headset', 'NA', 'NA', 'NA', '2019-06-20', 1, '2019-08-28', 'Working', 'Not For Repair', 'Default Admin', '32'),
(326, 'CPU', 'NA', 'NA', 'NA', '2019-06-20', 1, '2019-08-28', 'Working', 'Not For Repair', 'Default Admin', '32'),
(327, 'Motherboard', 'INTEL LENOVO', 'NA', 'NA', '2019-06-20', 1, '2019-08-28', 'Working', 'Not For Repair', 'Default Admin', '32'),
(328, 'GPU', 'NA', 'NA', 'NA', '2019-06-20', 1, '2019-08-28', 'Working', 'Not For Repair', 'Default Admin', '32'),
(329, 'RAM', 'ELPIDA 2GB', 'NA', '11S41A1102ZJ3HE95T3CW', '2019-06-20', 1, '2019-08-28', 'Working', 'Not For Repair', 'Default Admin', '32'),
(330, 'HDD', 'SEAGATE 500GB', 'NA', 'Z4X0CVVY', '2019-06-20', 1, '2019-08-28', 'Working', 'Not For Repair', 'Default Admin', '32'),
(331, 'Monitor', 'LENOVO', 'NA', 'V307722', '2019-06-20', 1, '2019-08-28', 'Working', 'Not For Repair', 'Default Admin', '33'),
(332, 'Keyboard', 'LENOVO', 'NA', '00422100', '2019-06-20', 1, '2019-08-28', 'Working', 'Not For Repair', 'Default Admin', '33'),
(333, 'Mouse', 'LENOVO', 'NA', '44D92911049', '2019-06-20', 1, '2019-08-28', 'Working', 'Not For Repair', 'Default Admin', '33'),
(334, 'AVR', 'NA', 'NA', 'NA', '2019-06-20', 1, '2019-08-28', 'Working', 'Not For Repair', 'Default Admin', '33'),
(335, 'Headset', 'NA', 'NA', 'NA', '2019-06-20', 1, '2019-08-28', 'Working', 'Not For Repair', 'Default Admin', '33'),
(336, 'CPU', 'NA', 'NA', 'NA', '2019-06-20', 1, '2019-08-28', 'Working', 'Not For Repair', 'Default Admin', '33'),
(337, 'Motherboard', 'INTEL LENOVO', 'NA', 'NA', '2019-06-20', 1, '2019-08-28', 'Working', 'Not For Repair', 'Default Admin', '33'),
(338, 'GPU', 'NA', 'NA', 'NA', '2019-06-20', 1, '2019-08-28', 'Working', 'Not For Repair', 'Default Admin', '33'),
(339, 'RAM', 'SAMSUNG 2GB', 'NA', 'IIS4IAII02ZVJ3LI95MORP', '2019-06-20', 1, '2019-08-28', 'Working', 'Not For Repair', 'Default Admin', '33'),
(340, 'HDD', 'SEAGATE 160GB', 'NA', '6RAFK37F', '2019-06-20', 1, '2019-08-28', 'Working', 'Not For Repair', 'Default Admin', '33'),
(341, 'Monitor', 'LENOVO', 'NA', 'V307775', '2019-06-20', 1, '2019-06-28', 'Working', 'Not For Repair', 'Default Admin', '34'),
(342, 'Keyboard', 'A4TECH', 'NA', 'NA', '2019-06-20', 1, '2019-06-28', 'Working', 'Not For Repair', 'Default Admin', '34'),
(343, 'Mouse', 'LENOVO', 'NA', '44D6869049', '2019-06-20', 1, '2019-06-28', 'Working', 'Not For Repair', 'Default Admin', '34'),
(344, 'AVR', 'NA', 'NA', 'NA', '2019-06-20', 1, '2019-06-28', 'Working', 'Not For Repair', 'Default Admin', '34'),
(345, 'Headset', 'NA', 'NA', 'NA', '2019-06-20', 1, '2019-06-28', 'Working', 'Not For Repair', 'Default Admin', '34'),
(346, 'CPU', 'NA', 'NA', 'NA', '2019-06-20', 1, '2019-08-28', 'Working', 'Not For Repair', 'Default Admin', '34'),
(347, 'Motherboard', 'INTEL LENOVO', 'NA', 'NA', '2019-06-20', 1, '2019-08-28', 'Working', 'Not For Repair', 'Default Admin', '34'),
(348, 'GPU', 'NA', 'NA', 'NA', '2019-06-20', 1, '2019-08-28', 'Working', 'Not For Repair', 'Default Admin', '34'),
(349, 'RAM', 'SAMSUNG 2GB', 'NA', 'IIS4IAII02ZVJ3LI95MOKM', '2019-06-20', 1, '2019-08-28', 'Working', 'Not For Repair', 'Default Admin', '34'),
(350, 'HDD', 'SEAGATE 160GB', 'NA', '6RAFJYQY', '2019-06-20', 1, '2019-08-28', 'Working', 'Not For Repair', 'Default Admin', '34'),
(351, 'Monitor', 'LENOVO', 'NA', 'V308564', '2019-06-20', 1, '2019-08-28', 'Working', 'Not For Repair', 'Default Admin', '35'),
(352, 'Keyboard', 'A4TECH', 'NA', 'NA', '2019-06-20', 1, '2019-08-28', 'Working', 'Not For Repair', 'Default Admin', '35'),
(353, 'Mouse', 'A4TECH', 'NA', 'NA', '2019-06-20', 1, '2019-08-28', 'Working', 'Not For Repair', 'Default Admin', '35'),
(354, 'AVR', 'NA', 'NA', 'NA', '2019-06-20', 1, '2019-08-28', 'Working', 'Not For Repair', 'Default Admin', '35'),
(355, 'Headset', 'NA', 'NA', 'NA', '2019-06-20', 1, '2019-08-28', 'Working', 'Not For Repair', 'Default Admin', '35'),
(356, 'CPU', 'NA', 'NA', 'NA', '2019-06-20', 1, '2019-08-28', 'Working', 'Not For Repair', 'Default Admin', '35'),
(357, 'Motherboard', 'A4TECH', 'NA', 'NA', '2019-06-29', 1, '2019-08-28', 'Working', 'Not For Repair', 'Default Admin', '35'),
(358, 'GPU', 'NA', 'NA', 'NA', '2019-06-29', 1, '2019-08-28', 'Working', 'Not For Repair', 'Default Admin', '35'),
(359, 'RAM', 'SAMSUNG 2GB', 'NA', 'IIS4IAII02ZVJ3LJ95MOQD', '2019-06-20', 1, '2019-08-28', 'Working', 'Not For Repair', 'Default Admin', '35'),
(360, 'HDD', 'SEAGATE', 'NA', '6RAFJYJW', '2019-06-20', 1, '2019-08-28', 'Working', 'Not For Repair', 'Default Admin', '35'),
(361, 'Monitor', 'LENOVO', 'NA', 'V307771', '2019-06-20', 1, '2019-08-28', 'Working', 'Not For Repair', 'Default Admin', '36'),
(362, 'Keyboard', 'A4TECH', 'NA', 'NA', '2019-06-20', 1, '2019-08-28', 'Working', 'Not For Repair', 'Default Admin', '36'),
(363, 'Mouse', 'A4TECH', 'NA', 'NA', '2019-06-20', 1, '2019-08-28', 'Working', 'Not For Repair', 'Default Admin', '36'),
(364, 'AVR', 'NA', 'NA', 'NA', '2019-06-20', 1, '2019-08-28', 'Working', 'Not For Repair', 'Default Admin', '36'),
(365, 'Headset', 'NA', 'NA', 'NA', '2019-06-20', 1, '2019-08-28', 'Working', 'Not For Repair', 'Default Admin', '36'),
(366, 'CPU', 'NA', 'NA', 'NA', '2019-06-20', 1, '2019-08-28', 'Working', 'Not For Repair', 'Default Admin', '36'),
(367, 'Motherboard', 'INTEL LENOVO', 'NA', 'NA', '2019-06-20', 1, '2019-08-28', 'Working', 'Not For Repair', 'Default Admin', '36'),
(368, 'GPU', 'NA', 'NA', 'NA', '2019-06-20', 1, '2019-08-28', 'Working', 'Not For Repair', 'Default Admin', '36'),
(369, 'RAM', 'HYNIX 1GB', 'NA', 'HY5PS12421C', '2019-06-20', 1, '2019-08-28', 'Working', 'Not For Repair', 'Default Admin', '36'),
(370, 'HDD', 'SEAGATE 500GB', 'NA', 'W3TKTT66', '2019-06-20', 1, '2019-08-28', 'Working', 'Not For Repair', 'Default Admin', '36'),
(371, 'Monitor', 'LENOVO', 'NA', 'V307132', '2019-06-20', 1, '2019-08-28', 'Working', 'Not For Repair', 'Default Admin', '37'),
(372, 'Keyboard', 'LENOVO', 'NA', '0155711', '2019-06-20', 1, '2019-08-28', 'Working', 'Not For Repair', 'Default Admin', '37'),
(373, 'Mouse', 'A4TECH', 'NA', 'NA', '2019-06-20', 1, '2019-08-28', 'Working', 'Not For Repair', 'Default Admin', '37'),
(374, 'AVR', 'NA', 'NA', 'NA', '2019-06-20', 1, '2019-08-28', 'Working', 'Not For Repair', 'Default Admin', '37'),
(375, 'Headset', 'NA', 'NA', 'NA', '2019-06-20', 1, '2019-08-28', 'Working', 'Not For Repair', 'Default Admin', '37'),
(376, 'CPU', 'NA', 'NA', 'NA', '2019-06-28', 1, '2019-08-28', 'Working', 'Not For Repair', 'Default Admin', '37'),
(377, 'Motherboard', 'INTEL LENOVO', 'NA', 'NA', '2019-06-20', 1, '2019-08-28', 'Working', 'Not For Repair', 'Default Admin', '37'),
(378, 'GPU', 'NA', 'NA', 'NA', '2019-06-20', 1, '2019-08-28', 'Working', 'Not For Repair', 'Default Admin', '37'),
(379, 'RAM', 'SAMSUNG 2GB', 'NA', 'IIS4IAII02ZVJ3LI95MOL7', '2019-06-20', 1, '2019-08-28', 'Working', 'Not For Repair', 'Default Admin', '37'),
(380, 'HDD', 'SEAGATE', 'NA', 'Z3TL22G6', '2019-06-20', 1, '2019-08-28', 'Working', 'Not For Repair', 'Default Admin', '37'),
(381, 'Monitor', 'LENOVO', 'NA', 'V307078', '2019-06-20', 1, '2019-08-28', 'Working', 'Not For Repair', 'Default Admin', '38'),
(382, 'Keyboard', 'LENOVO', 'NA', '422008', '2019-06-20', 1, '2019-08-28', 'Working', 'Not For Repair', 'Default Admin', '38'),
(383, 'Mouse', 'A4TECH', 'NA', 'NA', '2019-06-20', 1, '2019-08-28', 'Working', 'Not For Repair', 'Default Admin', '38'),
(384, 'AVR', 'NA', 'NA', 'NA', '2019-06-20', 1, '2019-08-28', 'Working', 'Not For Repair', 'Default Admin', '38'),
(385, 'Headset', 'NA', 'NA', 'NA', '2019-06-20', 1, '2019-08-28', 'Working', 'Not For Repair', 'Default Admin', '38'),
(386, 'CPU', 'NA', 'NA', 'NA', '2019-06-20', 1, '2019-08-28', 'Working', 'Not For Repair', 'Default Admin', '38'),
(387, 'Motherboard', 'INTEL LENOVO', 'NA', 'NA', '2019-06-20', 1, '2019-08-28', 'Working', 'Not For Repair', 'Default Admin', '38'),
(388, 'GPU', 'NA', 'NA', 'NA', '2019-06-20', 1, '2019-08-28', 'Working', 'Not For Repair', 'Default Admin', '38'),
(389, 'RAM', 'GENERIC', 'NA', 'BPMLEI860I4', '2019-06-20', 1, '2019-08-28', 'Working', 'Not For Repair', 'Default Admin', '38'),
(390, 'HDD', 'SEAGATE', 'NA', '6RAFK2VD', '2019-06-20', 1, '2019-08-28', 'Working', 'Not For Repair', 'Default Admin', '38'),
(391, 'Monitor', 'LENOVO', 'NA', 'V307019', '2019-06-20', 1, '2019-08-28', 'Working', 'Not For Repair', 'Default Admin', '39'),
(392, 'Keyboard', 'LENOVO', 'NA', '0063518', '2019-06-20', 1, '2019-08-28', 'Working', 'Not For Repair', 'Default Admin', '39'),
(393, 'Mouse', 'A4TECH', 'NA', 'NA', '2019-06-20', 1, '2019-08-28', 'Working', 'Not For Repair', 'Default Admin', '39'),
(394, 'AVR', 'NA', 'NA', 'NA', '2019-06-20', 1, '2019-08-28', 'Working', 'Not For Repair', 'Default Admin', '39'),
(395, 'Headset', 'NA', 'NA', 'NA', '2019-06-20', 1, '2019-08-28', 'Working', 'Not For Repair', 'Default Admin', '39'),
(396, 'CPU', 'NA', 'NA', 'NA', '2019-06-20', 1, '2019-08-28', 'Working', 'Not For Repair', 'Default Admin', '39'),
(397, 'Motherboard', 'INTEL LENOVO', 'NA', 'NA', '2019-06-20', 1, '2019-08-28', 'Working', 'Not For Repair', 'Default Admin', '39');
INSERT INTO `peripherals` (`peripheral_id`, `peripheral_type`, `peripheral_brand`, `peripheral_description`, `peripheral_serial_no`, `peripheral_date_purchased`, `peripheral_amount`, `peripheral_date_issued`, `peripheral_condition`, `remarks`, `added_by`, `unit_id`) VALUES
(398, 'GPU', 'INNO 3D', 'NA', 'IN3DN95GTIDDVD2CX', '2019-06-20', 1, '2019-08-28', 'Working', 'Not For Repair', 'Default Admin', '39'),
(399, 'RAM', 'KINGMAX 2GB', 'NA', 'ZE9004107100', '2019-06-20', 1, '2019-08-28', 'Working', 'Not For Repair', 'Default Admin', '39'),
(400, 'HDD', 'SEAGATE 160GB', 'NA', '6RAFK2XJ', '2019-06-20', 1, '2019-08-28', 'Working', 'Not For Repair', 'Default Admin', '39'),
(401, 'Monitor', 'LENOVO', '17inch', 'V307922', '2019-06-24', 1, '2019-06-24', 'Working', 'Not For Repair', 'Default Admin', '60'),
(402, 'Keyboard', 'LENOVO', '', '0063579', '2019-06-24', 1, '2019-06-24', 'Working', 'Not For Repair', 'Default Admin', '60'),
(403, 'Mouse', 'LENOVO', '', '44A5765049', '2019-06-24', 1, '2019-06-24', 'Working', 'Not For Repair', 'Default Admin', '60'),
(404, 'AVR', 'NA', '', '', '2019-06-24', 1, '2019-06-24', 'Working', 'Not For Repair', 'Default Admin', '60'),
(405, 'Headset', 'NA', '', '', '2019-06-24', 1, '2019-06-24', 'Working', 'Not For Repair', 'Default Admin', '60'),
(406, 'CPU', 'INTEL', 'CORE 2', '', '2019-06-24', 1, '2019-06-24', 'Working', 'Not For Repair', 'Default Admin', '60'),
(407, 'Motherboard', 'LENOVO', '7298CTO', '', '2019-06-24', 1, '2019-06-24', 'Working', 'Not For Repair', 'Default Admin', '60'),
(408, 'GPU', 'NA', '', '', '2019-06-24', 1, '2019-06-24', 'Working', 'Not For Repair', 'Default Admin', '60'),
(409, 'RAM', 'SAMSUNG 2GB', 'DDR2', '11S41A1102ZVJ3LJ95MOHR ', '2019-06-24', 1, '2019-06-24', 'Working', 'Not For Repair', 'Default Admin', '60'),
(410, 'HDD', 'SEAGATE', '160GB', '6RAFKOK4', '2019-06-24', 1, '2019-06-24', 'Working', 'Not For Repair', 'Default Admin', '60'),
(411, 'Monitor', 'LENOVO', '17inch', 'V307869', '2019-06-24', 1, '2019-06-24', 'Working', 'Not For Repair', 'Default Admin', '61'),
(412, 'Keyboard', 'LENOVO', '', '00422104', '2019-06-24', 1, '2019-06-24', 'Working', 'Not For Repair', 'Default Admin', '61'),
(413, 'Mouse', 'A4TECH', '', '', '2019-06-24', 1, '2019-06-24', 'Working', 'Not For Repair', 'Default Admin', '61'),
(414, 'AVR', 'NA', '', '', '2019-06-24', 1, '2019-06-24', 'Working', 'Not For Repair', 'Default Admin', '61'),
(415, 'Headset', 'NA', '', '', '2019-06-24', 1, '2019-06-24', 'Working', 'Not For Repair', 'Default Admin', '61'),
(416, 'CPU', 'INTEL', 'CORE 2', '', '2019-06-24', 1, '2019-06-24', 'Working', 'Not For Repair', 'Default Admin', '61'),
(417, 'Motherboard', 'LENOVO', '7298CTO', '', '2019-06-24', 1, '2019-06-24', 'Working', 'Not For Repair', 'Default Admin', '61'),
(418, 'GPU', 'NA', '', '', '2019-06-24', 1, '2019-06-24', 'Working', 'Not For Repair', 'Default Admin', '61'),
(419, 'RAM', 'SAMSUNG', '2GB', '11S41A1102ZVJ3LJ95M0RV', '2019-06-24', 1, '2019-06-24', 'Working', 'Not For Repair', 'Default Admin', '61'),
(420, 'HDD', 'SEAGATE', '160GB', '6RAFKONP', '2019-06-24', 1, '2019-06-24', 'Working', 'Not For Repair', 'Default Admin', '61'),
(421, 'Monitor', 'LENOVO', '17inch', 'V307889', '2019-06-24', 1, '2019-06-24', 'Working', 'Not For Repair', 'Default Admin', '62'),
(422, 'Keyboard', 'LENOVO', '', '0150302', '2019-06-24', 1, '2019-06-24', 'Working', 'Not For Repair', 'Default Admin', '62'),
(423, 'Mouse', 'A4TECH', '', '', '2019-06-24', 1, '2019-06-24', 'Working', 'Not For Repair', 'Default Admin', '62'),
(424, 'AVR', 'NA', '', '', '2019-06-24', 1, '2019-06-24', 'Working', 'Not For Repair', 'Default Admin', '62'),
(425, 'Headset', 'NA', '', '', '2019-06-24', 1, '2019-06-24', 'Working', 'Not For Repair', 'Default Admin', '62'),
(426, 'CPU', 'INTEL', 'CORE 2', '', '2019-06-24', 1, '2019-06-24', 'Working', 'Not For Repair', 'Default Admin', '62'),
(427, 'Motherboard', 'LENOVO', '7298CTO', '', '2019-06-24', 1, '2019-06-24', 'Working', 'Not For Repair', 'Default Admin', '62'),
(428, 'GPU', 'NA', '', '', '2019-06-24', 1, '2019-06-24', 'Working', 'Not For Repair', 'Default Admin', '62'),
(429, 'RAM', 'SAMSUNG', '2 GB DDR2', '11S41A1102ZVJ3LJ95M0KL', '2019-06-24', 1, '2019-06-24', 'Working', 'Not For Repair', 'Default Admin', '62'),
(430, 'HDD', 'SEAGATE', '160GB', '6RAFKORJ', '2019-06-24', 1, '2019-06-24', 'Working', 'Not For Repair', 'Default Admin', '62'),
(431, 'Monitor', 'LENOVO', '17inch', 'L3ABR9K', '2019-06-24', 1, '2019-06-24', 'Working', 'Not For Repair', 'Default Admin', '63'),
(432, 'Keyboard', 'LENOVO', '', '0157744', '2019-06-24', 1, '2019-06-24', 'Working', 'Not For Repair', 'Default Admin', '63'),
(433, 'Mouse', 'A4TECH', '', '44D6912049', '2019-06-24', 1, '2019-06-24', 'Working', 'Not For Repair', 'Default Admin', '63'),
(434, 'AVR', 'NA', '', '', '2019-06-24', 1, '2019-06-24', 'Working', 'Not For Repair', 'Default Admin', '63'),
(435, 'Headset', 'NA', '', '', '2019-06-24', 1, '2019-06-24', 'Working', 'Not For Repair', 'Default Admin', '63'),
(436, 'CPU', 'INTEL', 'CORE 2', '', '2019-06-24', 1, '2019-06-24', 'Working', 'Not For Repair', 'Default Admin', '63'),
(437, 'Motherboard', 'LENOVO', '7298CTO', '', '2019-06-24', 1, '2019-06-24', 'Working', 'Not For Repair', 'Default Admin', '63'),
(438, 'GPU', 'NA', '', '', '2019-06-24', 1, '2019-06-24', 'Working', 'Not For Repair', 'Default Admin', '63'),
(439, 'RAM', 'SAMSUNG', '2GB DDR2', '11S41A1102ZVJ3L95M0LV', '2019-06-24', 1, '2019-06-24', 'Working', 'Not For Repair', 'Default Admin', '63'),
(440, 'HDD', 'SEAGATE', '160GB', '6RAF0Z2', '2019-06-24', 1, '2019-06-24', 'Working', 'Not For Repair', 'Default Admin', '63'),
(441, 'Monitor', 'LENOVO', '17inch', 'V307870', '2019-06-24', 1, '2019-06-24', 'Working', 'Not For Repair', 'Default Admin', '64'),
(442, 'Keyboard', 'LENOVO', '', '019465', '2019-06-24', 1, '2019-06-24', 'Working', 'Not For Repair', 'Default Admin', '64'),
(443, 'Mouse', 'LENOVO', '', '44A5978049', '2019-06-24', 1, '2019-06-24', 'Working', 'Not For Repair', 'Default Admin', '64'),
(444, 'AVR', 'NA', '', '', '2019-06-24', 1, '2019-06-24', 'Working', 'Not For Repair', 'Default Admin', '64'),
(445, 'Headset', 'NA', '', '', '2019-06-24', 1, '2019-06-24', 'Working', 'Not For Repair', 'Default Admin', '64'),
(446, 'CPU', 'INTEL', 'CORE 2', '', '2019-06-24', 1, '2019-06-24', 'Working', 'Not For Repair', 'Default Admin', '64'),
(447, 'Motherboard', 'LENOVO', '7298CTO', '', '2019-06-24', 1, '2019-06-24', 'Working', 'Not For Repair', 'Default Admin', '64'),
(448, 'GPU', 'NA', '', '', '2019-06-24', 1, '2019-06-24', 'Working', 'Not For Repair', 'Default Admin', '64'),
(449, 'RAM', 'SAMSUNG', '2 GB DDR2', '', '2019-06-24', 1, '2019-06-24', 'Working', 'Not For Repair', 'Default Admin', '64'),
(450, 'HDD', 'SEAGATE', '160GB', '11S141A1102ZVJ3LJ95M0NW', '2019-06-24', 1, '2019-06-24', 'Working', 'Not For Repair', 'Default Admin', '64'),
(451, 'Monitor', 'LENOVO', '17inch', 'V907926', '2019-06-24', 1, '2019-06-24', 'Working', 'Not For Repair', 'Default Admin', '65'),
(452, 'Keyboard', 'LENOVO', '', '0064475', '2019-06-24', 1, '2019-06-24', 'Working', 'Not For Repair', 'Default Admin', '65'),
(453, 'Mouse', 'LENOVO', '', '44D6801049', '2019-06-24', 1, '2019-06-24', 'Working', 'Not For Repair', 'Default Admin', '65'),
(454, 'AVR', 'NA', '', '', '2019-06-24', 1, '2019-06-24', 'Working', 'Not For Repair', 'Default Admin', '65'),
(455, 'Headset', 'NA', '', '', '2019-06-24', 1, '2019-06-24', 'Working', 'Not For Repair', 'Default Admin', '65'),
(456, 'CPU', 'INTEL', 'CORE 2', '', '2019-06-24', 1, '2019-06-24', 'Working', 'Not For Repair', 'Default Admin', '65'),
(457, 'Motherboard', 'LENOVO', '7298CTO', '', '2019-06-24', 1, '2019-06-24', 'Working', 'Not For Repair', 'Default Admin', '65'),
(458, 'GPU', 'NA', '', '', '2019-06-24', 1, '2019-06-24', 'Working', 'Not For Repair', 'Default Admin', '65'),
(459, 'RAM', 'SAMSUNG', '2 GB DDR2', '6RAFK1QE', '2019-06-24', 1, '2019-06-24', 'Working', 'Not For Repair', 'Default Admin', '65'),
(460, 'HDD', 'SEAGATE', '160GB', '11S41A1102ZVJ3LJ95M0MK', '2019-06-24', 1, '2019-06-24', 'Working', 'Not For Repair', 'Default Admin', '65'),
(461, 'Monitor', 'LENOVO', '17inch', 'V307988', '2019-06-24', 1, '2019-06-24', 'Working', 'Not For Repair', 'Default Admin', '66'),
(462, 'Keyboard', 'LENOVO', '', '00422870', '2019-06-24', 1, '2019-06-24', 'Working', 'Not For Repair', 'Default Admin', '66'),
(463, 'Mouse', 'LENOVO', '', '44B8864049', '2019-06-24', 1, '2019-06-24', 'Working', 'Not For Repair', 'Default Admin', '66'),
(464, 'AVR', 'NA', '', '', '2019-06-24', 1, '2019-06-24', 'Working', 'Not For Repair', 'Default Admin', '66'),
(465, 'Headset', 'NA', '', '', '2019-06-24', 1, '2019-06-24', 'Working', 'Not For Repair', 'Default Admin', '66'),
(466, 'CPU', 'INTEL', 'CORE 2', '', '2019-06-24', 1, '2019-06-24', 'Working', 'Not For Repair', 'Default Admin', '66'),
(467, 'Motherboard', 'LENOVO', '7298CTO', '', '2019-06-24', 1, '2019-06-24', 'Working', 'Not For Repair', 'Default Admin', '66'),
(468, 'GPU', 'NA', '', '', '2019-06-24', 1, '2019-06-24', 'Working', 'Not For Repair', 'Default Admin', '66'),
(469, 'RAM', 'SAMSUNG', '2 GB DDR2', '11S41A1102ZVJ3LJ95MOPV', '2019-06-24', 1, '2019-06-24', 'Working', 'Not For Repair', 'Default Admin', '66'),
(470, 'HDD', 'SEAGATE', '160GB', '6RAFK2X2', '2019-06-24', 1, '2019-06-24', 'Working', 'Not For Repair', 'Default Admin', '66'),
(471, 'Monitor', 'LENOVO', '17inch', 'V307999', '2019-06-24', 1, '2019-06-24', 'Working', 'Not For Repair', 'Default Admin', '67'),
(472, 'Keyboard', 'LENOVO', '', '00422872', '2019-06-24', 1, '2019-06-24', 'Working', 'Not For Repair', 'Default Admin', '67'),
(473, 'Mouse', 'LENOVO', '', '44B8864049', '2019-06-24', 1, '2019-06-24', 'Working', 'Not For Repair', 'Default Admin', '67'),
(474, 'AVR', 'NA', '', '', '2019-06-24', 1, '2019-06-24', 'Working', 'Not For Repair', 'Default Admin', '67'),
(475, 'Headset', 'NA', '', '', '2019-06-24', 1, '2019-06-24', 'Working', 'Not For Repair', 'Default Admin', '67'),
(476, 'CPU', 'INTEL', 'CORE 2', '', '2019-06-24', 1, '2019-06-24', 'Working', 'Not For Repair', 'Default Admin', '67'),
(477, 'Motherboard', 'LENOVO', '7298CTO', '', '2019-06-24', 1, '2019-06-24', 'Working', 'Not For Repair', 'Default Admin', '67'),
(478, 'GPU', 'NA', '', '', '2019-06-24', 1, '2019-06-24', 'Working', 'Not For Repair', 'Default Admin', '67'),
(479, 'RAM', 'SAMSUNG', '2 GB DDR2', '11S41102ZVJ3LJ9M0LA', '2019-06-24', 1, '2019-06-24', 'Working', 'Not For Repair', 'Default Admin', '67'),
(480, 'HDD', 'SEAGATE', '160GB', '6RAFK0ME', '2019-06-24', 1, '2019-06-24', 'Working', 'Not For Repair', 'Default Admin', '67'),
(481, 'Monitor', 'LENOVO', '17inch', 'V307934', '2019-06-24', 1, '2019-06-24', 'Working', 'Not For Repair', 'Default Admin', '68'),
(482, 'Keyboard', 'LENOVO', '', '157719', '2019-06-24', 1, '2019-06-24', 'Working', 'Not For Repair', 'Default Admin', '68'),
(483, 'Mouse', 'LENOVO', '', '44D6804049', '2019-06-24', 1, '2019-06-24', 'Working', 'Not For Repair', 'Default Admin', '68'),
(484, 'AVR', 'NA', '', '', '2019-06-24', 1, '2019-06-24', 'Working', 'Not For Repair', 'Default Admin', '68'),
(485, 'Headset', 'NA', '', '', '2019-06-24', 1, '2019-06-24', 'Working', 'Not For Repair', 'Default Admin', '68'),
(486, 'CPU', 'INTEL', 'CORE 2', '', '2019-06-24', 1, '2019-06-24', 'Working', 'Not For Repair', 'Default Admin', '68'),
(487, 'Motherboard', 'LENOVO', '7298CTO', '', '2019-06-24', 1, '2019-06-24', 'Working', 'Not For Repair', 'Default Admin', '68'),
(488, 'GPU', 'NA', '', '', '2019-06-24', 1, '2019-06-24', 'Working', 'Not For Repair', 'Default Admin', '68'),
(489, 'RAM', 'ELPIDA', '2 GB DDR2', '11S41A1102ZVJ3HE95T3D7', '2019-06-24', 1, '2019-06-24', 'Working', 'Not For Repair', 'Default Admin', '68'),
(490, 'HDD', 'WESTERN DIGITAL', '320GB', 'WCAYUF361429', '2019-06-24', 1, '2019-06-24', 'Working', 'Not For Repair', 'Default Admin', '68'),
(491, 'Monitor', 'LENOVO', '17inch', 'V3077874', '2019-06-24', 1, '2019-06-24', 'Working', 'Not For Repair', 'Default Admin', '69'),
(492, 'Keyboard', 'LENOVO', '', '0422019', '2019-06-24', 1, '2019-06-24', 'Working', 'Not For Repair', 'Default Admin', '69'),
(493, 'Mouse', 'LENOVO', '', '44B809040409', '2019-06-24', 1, '2019-06-24', 'Working', 'Not For Repair', 'Default Admin', '69'),
(494, 'AVR', 'NA', '', '', '2019-06-24', 1, '2019-06-24', 'Working', 'Not For Repair', 'Default Admin', '69'),
(495, 'Headset', 'NA', '', '', '2019-06-24', 1, '2019-06-24', 'Working', 'Not For Repair', 'Default Admin', '69'),
(496, 'CPU', 'INTEL', 'CORE 2', '', '2019-06-24', 1, '2019-06-24', 'Working', 'Not For Repair', 'Default Admin', '69'),
(497, 'Motherboard', 'LENOVO', '7298CTO', '', '2019-06-24', 1, '2019-06-24', 'Working', 'Not For Repair', 'Default Admin', '69'),
(498, 'GPU', 'NA', '', '', '2019-06-24', 1, '2019-06-24', 'Working', 'Not For Repair', 'Default Admin', '69'),
(499, 'RAM', 'SAMSUNG', '2 GB DDR2', '11S41A1102ZVJLJ95M0QH', '2019-06-24', 1, '2019-06-24', 'Working', 'Not For Repair', 'Default Admin', '69'),
(500, 'HDD', 'SEAGATE', '160GB', '6RAFK306', '2019-06-24', 1, '2019-06-24', 'Working', 'Not For Repair', 'Default Admin', '69'),
(501, 'Monitor', 'APPLE', '21 INCH', 'N/A', '2019-06-24', 1, '2019-06-24', 'Working', 'Not For Repair', 'Default Admin', '96'),
(502, 'Keyboard', 'APPLE', 'APPLE', 'DG7214200MGDQWAC', '2019-06-24', 1, '2019-06-24', 'Working', 'Not For Repair', 'Default Admin', '96'),
(503, 'Mouse', 'APPLE', 'APPLE', '8B21200VDDU1A', '2019-06-24', 1, '2019-06-24', 'Working', 'Not For Repair', 'Default Admin', '96'),
(504, 'AVR', 'N/A', 'N/A', 'N/A', '2019-06-24', 1, '2019-06-24', 'Working', 'Not For Repair', 'Default Admin', '96'),
(505, 'Headset', 'N/A', 'N/A', 'N/A', '2019-06-24', 1, '2019-06-24', 'Working', 'Not For Repair', 'Default Admin', '96'),
(506, 'CPU', 'INTEL', 'i5', 'N/A', '2019-06-24', 1, '2019-06-24', 'Working', 'Not For Repair', 'Default Admin', '96'),
(507, 'Motherboard', 'APPLE', '', '', '2019-06-24', 1, '2019-06-24', 'Working', 'Not For Repair', 'Default Admin', '96'),
(508, 'GPU', 'N/A', '', 'N/A', '2019-06-24', 1, '2019-06-24', 'Working', 'Not For Repair', 'Default Admin', '96'),
(509, 'RAM', 'APPLE', '8 GB', 'N/A', '2019-06-24', 1, '2019-06-24', 'Working', 'Not For Repair', 'Default Admin', '96'),
(510, 'HDD', 'APPLE', '500 GB', '', '2019-06-24', 1, '2019-06-24', 'Working', 'Not For Repair', 'Default Admin', '96'),
(511, 'Monitor', 'LENOVO', '17inch', 'V307091', '2019-06-24', 1, '2019-06-24', 'Working', 'Not For Repair', 'Default Admin', '70'),
(512, 'Keyboard', 'LENOVO', '', '0422019', '2019-06-24', 1, '2019-06-24', 'Working', 'Not For Repair', 'Default Admin', '70'),
(513, 'Mouse', 'LENOVO', '', '44A5768049', '2019-06-24', 1, '2019-06-24', 'Working', 'Not For Repair', 'Default Admin', '70'),
(514, 'AVR', 'NA', '', '', '2019-06-24', 1, '2019-06-24', 'Working', 'Not For Repair', 'Default Admin', '70'),
(515, 'Headset', 'NA', '', '', '2019-06-24', 1, '2019-06-24', 'Working', 'Not For Repair', 'Default Admin', '70'),
(516, 'CPU', 'INTEL', 'CORE 2', '', '2019-06-24', 1, '2019-06-24', 'Working', 'Not For Repair', 'Default Admin', '70'),
(517, 'Motherboard', 'LENOVO', '7298CTO', '', '2019-06-24', 1, '2019-06-24', 'Working', 'Not For Repair', 'Default Admin', '70'),
(518, 'GPU', 'NA', '', '', '2019-06-24', 1, '2019-06-24', 'Working', 'Not For Repair', 'Default Admin', '70'),
(519, 'RAM', 'SAMSUNG', '2 GB DDR2', '11S41A1102ZVJ3LJ95MOSB', '2019-06-24', 1, '2019-06-24', 'Working', 'Not For Repair', 'Default Admin', '70'),
(520, 'HDD', 'SEAGATE', '160GB', '6RAF0B2', '2019-06-24', 1, '2019-06-24', 'Working', 'Not For Repair', 'Default Admin', '70'),
(521, 'Monitor', 'APPLE', '21 INCH', 'N/A', '2019-06-24', 1, '2019-06-24', 'Working', 'Not For Repair', 'Default Admin', '97'),
(522, 'Keyboard', 'APPLE', '', 'DG7214200LZDPQWAY', '2019-06-24', 1, '2019-06-24', 'Working', 'Not For Repair', 'Default Admin', '97'),
(523, 'Mouse', 'APPLE', '', '8B21201BZDU1A', '2019-06-24', 1, '2019-06-24', 'Working', 'Not For Repair', 'Default Admin', '97'),
(524, 'AVR', 'N/A', '', 'N/A', '2019-06-24', 1, '2019-06-24', 'Working', 'Not For Repair', 'Default Admin', '97'),
(525, 'Headset', 'N/A', '', 'N/A', '2019-06-24', 1, '2019-06-24', 'Working', 'Not For Repair', 'Default Admin', '97'),
(526, 'CPU', 'INTEL', 'i5', 'N/A', '2019-06-24', 1, '2019-06-24', 'Working', 'Not For Repair', 'Default Admin', '97'),
(527, 'Motherboard', 'APPLE', '', 'N/A', '2019-06-24', 1, '2019-06-24', 'Working', 'Not For Repair', 'Default Admin', '97'),
(528, 'GPU', 'N/A', '', 'N/A', '2019-06-24', 1, '2019-06-24', 'Working', 'Not For Repair', 'Default Admin', '97'),
(529, 'RAM', 'APPLE', '8 GB', 'N/A', '0009-06-24', 1, '2019-06-24', 'Working', 'Not For Repair', 'Default Admin', '97'),
(530, 'HDD', 'APPLE', '500 GB', 'N/A', '2019-06-24', 1, '2019-06-24', 'Working', 'Not For Repair', 'Default Admin', '97'),
(531, 'Monitor', 'LENOVO', '17inch', 'V307883', '2019-06-24', 1, '2019-06-24', 'Working', 'Not For Repair', 'Default Admin', '71'),
(532, 'Keyboard', 'LENOVO', '', 'V307883', '2019-06-24', 1, '2019-06-24', 'Working', 'Not For Repair', 'Default Admin', '71'),
(533, 'Mouse', 'LENOVO', '', '44D6851049', '2019-06-24', 1, '2019-06-24', 'Working', 'Not For Repair', 'Default Admin', '71'),
(534, 'AVR', 'NA', '', '', '2019-06-24', 1, '2019-06-24', 'Working', 'Not For Repair', 'Default Admin', '71'),
(535, 'Headset', 'NA', '', '', '2019-06-24', 1, '2019-06-24', 'Working', 'Not For Repair', 'Default Admin', '71'),
(536, 'CPU', 'INTEL', 'CORE 2', '', '2019-06-24', 1, '2019-06-24', 'Working', 'Not For Repair', 'Default Admin', '71'),
(537, 'Motherboard', 'LENOVO', '7298CTO', '', '2019-06-24', 1, '2019-06-24', 'Working', 'Not For Repair', 'Default Admin', '71'),
(538, 'GPU', 'NA', '', '', '2019-06-24', 1, '2019-06-24', 'Working', 'Not For Repair', 'Default Admin', '71'),
(539, 'RAM', 'SAMSUNG', '2 GB DDR2', '11S41A1102ZVJ3LJ9M0QE', '2019-06-24', 1, '2019-06-24', 'Working', 'Not For Repair', 'Default Admin', '71'),
(540, 'HDD', 'SEAGATE', '160GB', '6RAFKOZ7', '2019-06-24', 1, '2019-06-24', 'Working', 'Not For Repair', 'Default Admin', '71'),
(541, 'Monitor', 'APPLE', '21 INCH', 'N/A', '2019-06-24', 1, '2019-06-24', 'Working', 'Not For Repair', 'Default Admin', '98'),
(542, 'Keyboard', 'APPLE', '', 'DG7217303R5DPQWAY', '2019-06-24', 1, '2019-06-24', 'Working', 'Not For Repair', 'Default Admin', '98'),
(543, 'Mouse', 'APPLE', '', '8B21201BDDU1A', '2019-06-24', 1, '2019-06-24', 'Working', 'Not For Repair', 'Default Admin', '98'),
(544, 'AVR', 'N/A', '', 'N/A', '2019-06-24', 1, '2019-06-24', 'Working', 'Not For Repair', 'Default Admin', '98'),
(545, 'Headset', 'N/A', '', 'N/A', '2019-06-24', 1, '2019-06-24', 'Working', 'Not For Repair', 'Default Admin', '98'),
(546, 'CPU', 'INTEL', 'i5', 'N/A', '2019-06-24', 1, '2019-06-24', 'Working', 'Not For Repair', 'Default Admin', '98'),
(547, 'Motherboard', 'APPLE', '', 'N/A', '2019-06-24', 1, '2019-06-24', 'Working', 'Not For Repair', 'Default Admin', '98'),
(548, 'GPU', 'N/A', '', 'N/A', '2019-06-24', 1, '2019-06-24', 'Working', 'Not For Repair', 'Default Admin', '98'),
(549, 'RAM', 'APPLE', '8 GB', 'N/A', '2019-06-24', 1, '2019-06-24', 'Working', 'Not For Repair', 'Default Admin', '98'),
(550, 'HDD', 'APPLE', '500 GB', 'N/A', '2019-06-24', 1, '2019-06-24', 'Working', 'Not For Repair', 'Default Admin', '98'),
(551, 'Monitor', 'APPLE', '21 INCH', 'N/A', '2019-06-24', 1, '2019-06-24', 'Working', 'Not For Repair', 'Default Admin', '99'),
(552, 'Keyboard', 'APPLE', '', 'DG7215MDPQWAS', '2019-06-24', 1, '2019-06-24', 'Working', 'Not For Repair', 'Default Admin', '99'),
(553, 'Mouse', 'APPLE', '', '8B21200X6DU1A', '2019-06-24', 1, '2019-06-24', 'Working', 'Not For Repair', 'Default Admin', '99'),
(554, 'AVR', 'N/A', '', 'N/A', '2019-06-24', 1, '2019-06-24', 'Working', 'Not For Repair', 'Default Admin', '99'),
(555, 'Headset', 'N/A', '', 'N/A', '2019-06-24', 1, '2019-06-24', 'Working', 'Not For Repair', 'Default Admin', '99'),
(556, 'CPU', 'INTEL', 'i5', 'N/A', '2019-06-24', 1, '2019-06-24', 'Working', 'Not For Repair', 'Default Admin', '99'),
(557, 'Motherboard', 'APPLE', '', 'N/A', '2019-06-24', 1, '2019-06-24', 'Working', 'Not For Repair', 'Default Admin', '99'),
(558, 'GPU', 'N/A', '', 'N/A', '2019-06-24', 1, '2019-06-24', 'Working', 'Not For Repair', 'Default Admin', '99'),
(559, 'RAM', 'APPLE', '8 GB', 'N/A', '2019-06-24', 1, '2019-06-24', 'Working', 'Not For Repair', 'Default Admin', '99'),
(560, 'HDD', 'APPLE', '500 GB', 'N/A', '2019-06-24', 1, '2019-06-24', 'Working', 'Not For Repair', 'Default Admin', '99'),
(561, 'Monitor', 'APPLE', '21 INCH', 'N/A', '2019-06-24', 1, '2019-06-24', 'Working', 'Not For Repair', 'Default Admin', '100'),
(562, 'Keyboard', 'APPLE', '', 'DG7214200LXDPQWAO', '2019-06-24', 1, '2019-06-24', 'Working', 'Not For Repair', 'Default Admin', '100'),
(563, 'Mouse', 'APPLE', '', 'CC2218501LSDNYNAS', '2019-06-24', 1, '2019-06-24', 'Working', 'Not For Repair', 'Default Admin', '100'),
(564, 'AVR', 'N/A', '', 'N/A', '2019-06-24', 1, '2019-06-24', 'Working', 'Not For Repair', 'Default Admin', '100'),
(565, 'Headset', 'N/A', '', 'N/A', '2019-06-24', 1, '2019-06-24', 'Working', 'Not For Repair', 'Default Admin', '100'),
(566, 'CPU', 'INTEL', 'i5', 'N/A', '2019-06-24', 1, '2019-06-24', 'Working', 'Not For Repair', 'Default Admin', '100'),
(567, 'Motherboard', 'APPLE', '', 'N/A', '2019-06-24', 1, '2019-06-24', 'Working', 'Not For Repair', 'Default Admin', '100'),
(568, 'GPU', 'N/A', '', 'N/A', '2019-06-24', 1, '2019-06-24', 'Working', 'Not For Repair', 'Default Admin', '100'),
(569, 'RAM', 'APPLE', '8 GB', 'N/A', '2019-06-24', 1, '2019-06-24', 'Working', 'Not For Repair', 'Default Admin', '100'),
(570, 'HDD', 'APPLE', '500 GB', 'N/A', '2019-06-24', 1, '2019-06-24', 'Working', 'Not For Repair', 'Default Admin', '100'),
(571, 'Monitor', 'APPLE', '21 INCH', 'N/A', '2019-06-24', 1, '2019-06-24', 'Working', 'Not For Repair', 'Default Admin', '101'),
(572, 'Keyboard', 'APPLE', '', 'DG7214109LMDPWA2', '2019-06-24', 1, '2019-06-24', 'Working', 'Not For Repair', 'Default Admin', '101'),
(573, 'Mouse', 'APPLE', '', 'CC2216201RTDNNYNAK', '2019-06-24', 1, '2019-06-24', 'Working', 'Not For Repair', 'Default Admin', '101'),
(574, 'AVR', 'N/A', '', 'N/A', '2019-06-24', 1, '2019-06-24', 'Working', 'Not For Repair', 'Default Admin', '101'),
(575, 'Headset', 'N/A', '', 'N/A', '2019-06-24', 1, '2019-06-24', 'Working', 'Not For Repair', 'Default Admin', '101'),
(576, 'CPU', 'INTEL', 'i5', 'N/A', '2019-06-24', 1, '2019-06-24', 'Working', 'Not For Repair', 'Default Admin', '101'),
(577, 'Motherboard', 'APPLE', '', 'N/A', '2019-06-24', 1, '2019-06-24', 'Working', 'Not For Repair', 'Default Admin', '101'),
(578, 'GPU', 'N/A', '', 'N/A', '2019-06-24', 1, '2019-06-24', 'Working', 'Not For Repair', 'Default Admin', '101'),
(579, 'RAM', 'APPLE', '8 GB', 'N/A', '2019-06-24', 1, '2019-06-24', 'Working', 'Not For Repair', 'Default Admin', '101'),
(580, 'HDD', 'APPLE', '500 GB', 'N/A', '2019-06-24', 1, '2019-06-24', 'Working', 'Not For Repair', 'Default Admin', '101'),
(581, 'Monitor', 'LENOVO', '17inch', 'V1ZAZ02', '2019-06-24', 1, '2019-06-24', 'Working', 'Not For Repair', 'Default Admin', '72'),
(582, 'Keyboard', 'LENOVO', '', '0157743', '2019-06-24', 1, '2019-06-24', 'Working', 'Not For Repair', 'Default Admin', '72'),
(583, 'Mouse', 'LENOVO', '', '44B8900049', '2019-06-24', 1, '2019-06-24', 'Working', 'Not For Repair', 'Default Admin', '72'),
(584, 'AVR', 'NA', '', '', '2019-06-24', 1, '2019-06-24', 'Working', 'Not For Repair', 'Default Admin', '72'),
(585, 'Headset', 'NA', '', '', '2019-06-24', 1, '2019-06-24', 'Working', 'Not For Repair', 'Default Admin', '72'),
(586, 'CPU', 'INTEL', 'CORE 2', '', '2019-06-24', 1, '2019-06-24', 'Working', 'Not For Repair', 'Default Admin', '72'),
(587, 'Motherboard', 'LENOVO', '7298CTO', '', '2019-06-24', 1, '2019-06-24', 'Working', 'Not For Repair', 'Default Admin', '72'),
(588, 'GPU', 'NA', '', '', '2019-06-24', 1, '2019-06-24', 'Working', 'Not For Repair', 'Default Admin', '72'),
(589, 'RAM', 'SAMSUNG', '2 GB DDR2', '11S41A1102ZVLJ95M0PP', '2019-06-24', 1, '2019-06-24', 'Working', 'Not For Repair', 'Default Admin', '72'),
(590, 'HDD', 'SEAGATE', '160GB', '6RAFK1P1', '2019-06-24', 1, '2019-06-24', 'Working', 'Not For Repair', 'Default Admin', '72'),
(591, 'Monitor', 'APPLE', '21 INCH', 'N/A', '2019-06-24', 1, '2019-06-24', 'Working', 'Not For Repair', 'Default Admin', '102'),
(592, 'Keyboard', 'APPLE', '', 'DG721640AAYDPQWAB', '2019-06-24', 1, '2019-06-24', 'Working', 'Not For Repair', 'Default Admin', '102'),
(593, 'Mouse', 'APPLE', '', '8B2120028DU1A ', '2019-06-24', 1, '2019-06-24', 'Working', 'Not For Repair', 'Default Admin', '102'),
(594, 'AVR', 'N/A', '', 'N/A', '2019-06-24', 1, '2019-06-24', 'Working', 'Not For Repair', 'Default Admin', '102'),
(595, 'Headset', 'N/A', '', 'N/A', '2019-06-24', 1, '2019-06-24', 'Working', 'Not For Repair', 'Default Admin', '102'),
(596, 'CPU', 'INTEL', 'i5', 'N/A', '2019-06-24', 1, '2019-06-24', 'Working', 'Not For Repair', 'Default Admin', '102'),
(597, 'Motherboard', 'APPLE', '', 'N/A', '2019-06-24', 1, '2019-06-24', 'Working', 'Not For Repair', 'Default Admin', '102'),
(598, 'GPU', 'N/A', '', 'N/A', '2019-06-24', 1, '2019-06-24', 'Working', 'Not For Repair', 'Default Admin', '102'),
(599, 'RAM', 'APPLE', '8 GB', 'N/A', '2019-06-24', 1, '2019-06-24', 'Working', 'Not For Repair', 'Default Admin', '102'),
(600, 'HDD', 'APPLE', '500 GB', 'N/A', '2019-06-24', 1, '2019-06-24', 'Working', 'Not For Repair', 'Default Admin', '102'),
(601, 'Monitor', 'LENOVO', '17inch', 'V308553', '2019-06-24', 1, '2019-06-24', 'Working', 'Not For Repair', 'Default Admin', '73'),
(602, 'Keyboard', 'LENOVO', '', '0063564', '2019-06-24', 1, '2019-06-24', 'Working', 'Not For Repair', 'Default Admin', '73'),
(603, 'Mouse', 'LENOVO', '', '44B8985049', '2019-06-24', 1, '2019-06-24', 'Working', 'Not For Repair', 'Default Admin', '73'),
(604, 'AVR', 'NA', '', '', '2019-06-24', 1, '2019-06-24', 'Working', 'Not For Repair', 'Default Admin', '73'),
(605, 'Headset', 'NA', '', '', '2019-06-24', 1, '2019-06-24', 'Working', 'Not For Repair', 'Default Admin', '73'),
(606, 'CPU', 'INTEL', 'CORE 2', '', '2019-06-24', 1, '2019-06-24', 'Working', 'Not For Repair', 'Default Admin', '73'),
(607, 'Motherboard', 'LENOVO', '7298CTO', '', '2019-06-24', 1, '2019-06-24', 'Working', 'Not For Repair', 'Default Admin', '73'),
(608, 'GPU', 'NA', '', '', '2019-06-24', 1, '2019-06-24', 'Working', 'Not For Repair', 'Default Admin', '73'),
(609, 'RAM', 'SAMSUNG', '2 GB DDR2', '11S41A1102ZVJ3LJ95M04', '2019-06-24', 1, '2019-06-24', 'Working', 'Not For Repair', 'Default Admin', '73'),
(610, 'HDD', 'SEAGATE', '160GB', '6RAFK3GZ', '2019-06-24', 1, '2019-06-24', 'Working', 'Not For Repair', 'Default Admin', '73'),
(611, 'Monitor', 'APPLE', '21 INCH', 'N/A', '2019-06-24', 1, '2019-06-24', 'Working', 'Not For Repair', 'Default Admin', '103'),
(612, 'Keyboard', 'APPLE', '', 'DG72163097UDPQWAR ', '2019-06-24', 1, '2019-06-24', 'Working', 'Not For Repair', 'Default Admin', '103'),
(613, 'Mouse', 'APPLE', '', '8B21201CJDU1A ', '2019-06-24', 1, '2019-06-24', 'Working', 'Not For Repair', 'Default Admin', '103'),
(614, 'AVR', 'N/A', '', 'N/A', '2019-06-24', 1, '2019-06-24', 'Working', 'Not For Repair', 'Default Admin', '103'),
(615, 'Headset', 'N/A', '', 'N/A', '2019-06-24', 1, '2019-06-24', 'Working', 'Not For Repair', 'Default Admin', '103'),
(616, 'CPU', 'INTEL', 'i5', 'N/A', '2019-06-24', 1, '2019-06-24', 'Working', 'Not For Repair', 'Default Admin', '103'),
(617, 'Motherboard', 'APPLE', '', 'N/A', '2019-06-24', 1, '2019-06-24', 'Working', 'Not For Repair', 'Default Admin', '103'),
(618, 'GPU', 'N/A', '', 'N/A', '2019-06-24', 1, '2019-06-24', 'Working', 'Not For Repair', 'Default Admin', '103'),
(619, 'RAM', 'APPLE', '8 GB', 'N/A', '2019-06-24', 1, '2019-06-24', 'Working', 'Not For Repair', 'Default Admin', '103'),
(620, 'HDD', 'APPLE', '500 GB', 'N/A', '2019-06-24', 1, '2019-06-24', 'Working', 'Not For Repair', 'Default Admin', '103'),
(621, 'Monitor', 'APPLE', '21 INCH', 'N/A', '2019-06-24', 1, '2019-06-24', 'Working', 'Not For Repair', 'Default Admin', '104'),
(622, 'Keyboard', 'APPLE', '', 'DG7215201M7DPQWAH ', '2019-06-24', 1, '2019-06-24', 'Working', 'Not For Repair', 'Default Admin', '104'),
(623, 'Mouse', 'APPLE', '', '8B21201CADU1A', '2019-06-24', 1, '2019-06-24', 'Working', 'Not For Repair', 'Default Admin', '104'),
(624, 'AVR', 'N/A', '', 'N/A', '2019-06-24', 1, '2019-06-24', 'Working', 'Not For Repair', 'Default Admin', '104'),
(625, 'Headset', 'N/A', '', 'N/A', '2019-06-24', 1, '2019-06-24', 'Working', 'Not For Repair', 'Default Admin', '104'),
(626, 'CPU', 'INTEL', 'i5', 'N/A', '2019-06-24', 1, '2019-06-24', 'Working', 'Not For Repair', 'Default Admin', '104'),
(627, 'Motherboard', 'APPLE', '', 'N/A', '2019-06-24', 1, '2019-06-24', 'Working', 'Not For Repair', 'Default Admin', '104'),
(628, 'GPU', 'N/A', '', 'N/A', '2019-06-24', 1, '2019-06-24', 'Working', 'Not For Repair', 'Default Admin', '104'),
(629, 'RAM', 'APPLE', '8 GB', 'N/A', '2019-06-24', 1, '2019-06-24', 'Working', 'Not For Repair', 'Default Admin', '104'),
(630, 'HDD', 'APPLE', '500 GB', 'N/A', '2019-06-24', 1, '2019-06-24', 'Working', 'Not For Repair', 'Default Admin', '104'),
(631, 'Monitor', 'LENOVO', '17inch', 'L3ABR5Z', '2019-06-24', 1, '2019-06-24', 'Working', 'Not For Repair', 'Default Admin', '74'),
(632, 'Keyboard', 'LENOVO', '', '00422885', '2019-06-24', 1, '2019-06-24', 'Working', 'Not For Repair', 'Default Admin', '74'),
(633, 'Mouse', 'LENOVO', '', '44A5929049', '2019-06-24', 1, '2019-06-24', 'Working', 'Not For Repair', 'Default Admin', '74'),
(634, 'AVR', 'NA', '', '', '2019-06-24', 1, '2019-06-24', 'Working', 'Not For Repair', 'Default Admin', '74'),
(635, 'Headset', 'NA', '', '', '2019-06-24', 1, '2019-06-24', 'Working', 'Not For Repair', 'Default Admin', '74'),
(636, 'CPU', 'INTEL', 'CORE 2', '', '2019-06-24', 1, '2019-06-24', 'Working', 'Not For Repair', 'Default Admin', '74'),
(637, 'Motherboard', 'LENOVO', '7298CTO', '', '2019-06-24', 1, '2019-06-24', 'Working', 'Not For Repair', 'Default Admin', '74'),
(638, 'GPU', 'NA', '', '', '2019-06-24', 1, '2019-06-24', 'Working', 'Not For Repair', 'Default Admin', '74'),
(639, 'RAM', 'SAMSUNG', '2 GB DDR2', '11S41A1102ZVJ3LJ9M0PB', '2019-06-24', 1, '2019-06-24', 'Working', 'Not For Repair', 'Default Admin', '74'),
(640, 'HDD', 'SEAGATE', '160GB', '6RAFKD1D7', '2019-06-24', 1, '2019-06-24', 'Working', 'Not For Repair', 'Default Admin', '74'),
(641, 'Monitor', 'APPLE', '21 INCH', 'N/A', '2019-06-24', 1, '2019-06-24', 'Working', 'Not For Repair', 'Default Admin', '105'),
(642, 'Keyboard', 'APPLE', '', 'DG7214200DGDPQWA2 ', '2019-06-24', 1, '2019-06-24', 'Working', 'Not For Repair', 'Default Admin', '105'),
(643, 'Mouse', 'APPLE', '', '8B21201ANDU1A', '2019-06-24', 1, '2019-06-24', 'Working', 'Not For Repair', 'Default Admin', '105'),
(644, 'AVR', 'N/A', '', 'N/A', '2019-06-24', 1, '2019-06-24', 'Working', 'Not For Repair', 'Default Admin', '105'),
(645, 'Headset', 'N/A', '', 'N/A', '2019-06-24', 1, '2019-06-24', 'Working', 'Not For Repair', 'Default Admin', '105'),
(646, 'CPU', 'INTEL', 'i5', 'N/A', '2019-06-24', 1, '2019-06-24', 'Working', 'Not For Repair', 'Default Admin', '105'),
(647, 'Motherboard', 'APPLE', '', 'N/A', '2019-06-24', 1, '2019-06-24', 'Working', 'Not For Repair', 'Default Admin', '105'),
(648, 'GPU', 'N/A', '', 'N/A', '2019-06-24', 1, '2019-06-24', 'Working', 'Not For Repair', 'Default Admin', '105'),
(649, 'RAM', 'APPLE', '8 GB', 'N/A', '2019-06-24', 1, '2019-06-24', 'Working', 'Not For Repair', 'Default Admin', '105'),
(650, 'HDD', 'APPLE', '500 GB', 'N/A', '2019-06-24', 1, '2019-06-24', 'Working', 'Not For Repair', 'Default Admin', '105'),
(651, 'Monitor', 'LENOVO', '17inch', 'V307734', '2019-06-24', 1, '2019-06-24', 'Working', 'Not For Repair', 'Default Admin', '75'),
(652, 'Keyboard', 'LENOVO', '', '049550', '2019-06-24', 1, '2019-06-24', 'Working', 'Not For Repair', 'Default Admin', '75'),
(653, 'Mouse', 'LENOVO', '', '44A5929049', '2019-06-24', 1, '2019-06-24', 'Working', 'Not For Repair', 'Default Admin', '75'),
(654, 'AVR', 'NA', '', '', '2019-06-24', 1, '2019-06-24', 'Working', 'Not For Repair', 'Default Admin', '75'),
(655, 'Headset', 'NA', '', '', '2019-06-24', 1, '2019-06-24', 'Working', 'Not For Repair', 'Default Admin', '75'),
(656, 'CPU', 'INTEL', 'CORE 2', '', '2019-06-24', 1, '2019-06-24', 'Working', 'Not For Repair', 'Default Admin', '75'),
(657, 'Motherboard', 'LENOVO', '7298CTO', '', '2019-06-24', 1, '2019-06-24', 'Working', 'Not For Repair', 'Default Admin', '75'),
(658, 'GPU', 'NA', '', '', '2019-06-24', 1, '2019-06-24', 'Working', 'Not For Repair', 'Default Admin', '75'),
(659, 'RAM', 'SAMSUNG', '2 GB DDR2', '11S41A1102ZVJ3LJ95M0O8', '2019-06-24', 1, '2019-06-24', 'Working', 'Not For Repair', 'Default Admin', '75'),
(660, 'HDD', 'SEAGATE', '160GB', '6RAFK5F7', '2019-06-24', 1, '2019-06-24', 'Working', 'Not For Repair', 'Default Admin', '75'),
(661, 'Monitor', 'APPLE', '21 INCH', 'N/A', '2019-06-24', 1, '2019-06-24', 'Working', 'Not For Repair', 'Default Admin', '106'),
(662, 'Keyboard', 'APPLE', '', 'DG7214109KHDPQWAM', '2019-06-24', 1, '2019-06-24', 'Working', 'Not For Repair', 'Default Admin', '106'),
(663, 'Mouse', 'APPLE', '', '8B21201CEDU1A', '2019-06-24', 1, '2019-06-24', 'Working', 'Not For Repair', 'Default Admin', '106'),
(664, 'AVR', 'N/A', '', 'N/A', '2019-06-24', 1, '2019-06-24', 'Working', 'Not For Repair', 'Default Admin', '106'),
(665, 'Headset', 'N/A', '', 'N/A', '2019-06-24', 1, '2019-06-24', 'Working', 'Not For Repair', 'Default Admin', '106'),
(666, 'CPU', 'INTEL', 'i5', 'N/A', '2019-06-24', 1, '2019-06-24', 'Working', 'Not For Repair', 'Default Admin', '106'),
(667, 'Motherboard', 'APPLE', '', 'N/A', '2019-06-24', 1, '2019-06-24', 'Working', 'Not For Repair', 'Default Admin', '106'),
(668, 'GPU', 'N/A', '', 'N/A', '2019-06-24', 1, '2019-06-24', 'Working', 'Not For Repair', 'Default Admin', '106'),
(669, 'RAM', 'APPLE', '8 GB', 'N/A', '2019-06-24', 1, '2019-06-24', 'Working', 'Not For Repair', 'Default Admin', '106'),
(670, 'HDD', 'APPLE', '500 GB', 'N/A', '2019-06-24', 1, '2019-06-24', 'Working', 'Not For Repair', 'Default Admin', '106'),
(671, 'Monitor', 'LENOVO', '17inch', 'V307734', '2019-06-24', 1, '2019-06-24', 'Working', 'Not For Repair', 'Default Admin', '76'),
(672, 'Keyboard', 'LENOVO', '', '0149550', '2019-06-24', 1, '2019-06-24', 'Working', 'Not For Repair', 'Default Admin', '76'),
(673, 'Mouse', 'LENOVO', '', '44B9002019', '2019-06-24', 1, '2019-06-24', 'Working', 'Not For Repair', 'Default Admin', '76'),
(674, 'AVR', 'NA', '', '', '2019-06-24', 1, '2019-06-24', 'Working', 'Not For Repair', 'Default Admin', '76'),
(675, 'Headset', 'NA', '', '', '2019-06-24', 1, '2019-06-24', 'Working', 'Not For Repair', 'Default Admin', '76'),
(676, 'CPU', 'INTEL', 'CORE 2', '', '2019-06-24', 1, '2019-06-24', 'Working', 'Not For Repair', 'Default Admin', '76'),
(677, 'Motherboard', 'LENOVO', '7298CTO', '', '2019-06-24', 1, '2019-06-24', 'Working', 'Not For Repair', 'Default Admin', '76'),
(678, 'GPU', 'NA', '', '', '2019-06-24', 1, '2019-06-24', 'Working', 'Not For Repair', 'Default Admin', '76'),
(679, 'RAM', 'SAMSUNG', '2 GB DDR2', '11S41A1102ZVJ3LJ95M0PX', '2019-06-24', 1, '2019-06-24', 'Working', 'Not For Repair', 'Default Admin', '76'),
(680, 'HDD', 'SEAGATE', '160GB', '6RAFK08V', '2019-06-24', 1, '2019-06-24', 'Working', 'Not For Repair', 'Default Admin', '76'),
(681, 'Monitor', 'APPLE', '21 INCH', 'N/A', '2019-06-24', 1, '2019-06-24', 'Working', 'Not For Repair', 'Default Admin', '107'),
(682, 'Keyboard', 'APPLE', '', 'DG7214109KHDPQWA9 ', '2019-06-24', 1, '2019-06-24', 'Working', 'Not For Repair', 'Default Admin', '107'),
(683, 'Mouse', 'APPLE', '', '8B21201B0DU1A', '2019-06-24', 1, '2019-06-24', 'Working', 'Not For Repair', 'Default Admin', '107'),
(684, 'AVR', 'N/A', '', 'N/A', '2019-06-24', 1, '2019-06-24', 'Working', 'Not For Repair', 'Default Admin', '107'),
(685, 'Headset', 'N/A', '', 'N/A', '2019-06-24', 1, '2019-06-24', 'Working', 'Not For Repair', 'Default Admin', '107'),
(686, 'CPU', 'INTEL', 'i5', 'N/A', '2019-06-24', 1, '2019-06-24', 'Working', 'Not For Repair', 'Default Admin', '107'),
(687, 'Motherboard', 'APPLE', '', 'N/A', '2019-06-24', 1, '2019-06-24', 'Working', 'Not For Repair', 'Default Admin', '107'),
(688, 'GPU', 'N/A', '', 'N/A', '2019-06-24', 1, '2019-06-24', 'Working', 'Not For Repair', 'Default Admin', '107'),
(689, 'RAM', 'APPLE', '8 GB', 'N/A', '2019-06-24', 1, '2019-06-24', 'Working', 'Not For Repair', 'Default Admin', '107'),
(690, 'HDD', 'APPLE', '500 GB', 'N/A', '2019-06-24', 1, '2019-06-24', 'Working', 'Not For Repair', 'Default Admin', '107'),
(691, 'Monitor', 'LENOVO', '17inch', 'L3ABR4W', '2019-06-24', 1, '2019-06-24', 'Working', 'Not For Repair', 'Default Admin', '77'),
(692, 'Keyboard', 'LENOVO', '', '0422094', '2019-06-24', 1, '2019-06-24', 'Working', 'Not For Repair', 'Default Admin', '77'),
(693, 'Mouse', 'LENOVO', '', '6RAF2K7', '2019-06-24', 1, '2019-06-24', 'Working', 'Not For Repair', 'Default Admin', '77'),
(694, 'AVR', 'NA', '', '', '2019-06-24', 1, '2019-06-24', 'Working', 'Not For Repair', 'Default Admin', '77'),
(695, 'Headset', 'NA', '', '', '2019-06-24', 1, '2019-06-24', 'Working', 'Not For Repair', 'Default Admin', '77'),
(696, 'CPU', 'INTEL', 'CORE 2', '', '2019-06-24', 1, '2019-06-24', 'Working', 'Not For Repair', 'Default Admin', '77'),
(697, 'Motherboard', 'LENOVO', '7298CTO', '', '2019-06-24', 1, '2019-06-24', 'Working', 'Not For Repair', 'Default Admin', '77'),
(698, 'GPU', 'NA', '', '', '2019-06-24', 1, '2019-06-24', 'Working', 'Not For Repair', 'Default Admin', '77'),
(699, 'RAM', 'SAMSUNG', '2 GB DDR2', '11S41A1102ZVJ3L95M0Q6', '2019-06-24', 1, '2019-06-24', 'Working', 'Not For Repair', 'Default Admin', '77'),
(700, 'HDD', 'SEAGATE', '160GB', '6RAF2K7', '2019-06-24', 1, '2019-06-24', 'Working', 'Not For Repair', 'Default Admin', '77'),
(701, 'Monitor', 'APPLE', '21 inch', 'N/A', '2019-06-24', 1, '2019-06-24', 'Working', 'Not For Repair', 'Default Admin', '108'),
(702, 'Keyboard', 'APPLE', '', 'DG721640ABEDPQWAS', '2019-06-24', 1, '2019-06-24', 'Working', 'Not For Repair', 'Default Admin', '108'),
(703, 'Mouse', 'APPLE', '', '8B21201BUDU1A', '2019-06-24', 1, '2019-06-24', 'Working', 'Not For Repair', 'Default Admin', '108'),
(704, 'AVR', 'N/A', '', 'N/A', '2019-06-24', 1, '2019-06-24', 'Working', 'Not For Repair', 'Default Admin', '108'),
(705, 'Headset', 'N/A', '', 'N/A', '2019-06-24', 1, '2019-06-24', 'Working', 'Not For Repair', 'Default Admin', '108'),
(706, 'CPU', 'INTEL', 'i5', 'N/A', '2019-06-24', 1, '2019-06-24', 'Working', 'Not For Repair', 'Default Admin', '108'),
(707, 'Motherboard', 'APPLE', '', 'N/A', '2019-06-24', 1, '2019-06-24', 'Working', 'Not For Repair', 'Default Admin', '108'),
(708, 'GPU', 'N/A', '', 'N/A', '2019-06-24', 1, '2019-06-24', 'Working', 'Not For Repair', 'Default Admin', '108'),
(709, 'RAM', 'APPLE', '8 GB', 'N/A', '2019-06-24', 1, '2019-06-24', 'Working', 'Not For Repair', 'Default Admin', '108'),
(710, 'HDD', 'APPLE', '500 GB', 'N/A', '2019-06-24', 1, '2019-06-24', 'Working', 'Not For Repair', 'Default Admin', '108'),
(711, 'Monitor', 'APPLE', '21 inch', 'N/A', '2019-06-24', 1, '2019-06-24', 'Working', 'Not For Repair', 'Default Admin', '109'),
(712, 'Keyboard', 'APPLE', '', 'DG7214200CXDPQWAQ ', '2019-06-24', 1, '2019-06-24', 'Working', 'Not For Repair', 'Default Admin', '109'),
(713, 'Mouse', 'APPLE', '', '8B21201BLDU1A', '2019-06-24', 1, '2019-06-24', 'Working', 'Not For Repair', 'Default Admin', '109'),
(714, 'AVR', 'N/A', '', 'N/A', '2019-06-24', 1, '2019-06-24', 'Working', 'Not For Repair', 'Default Admin', '109'),
(715, 'Headset', 'N/A', '', 'N/A', '2019-06-24', 1, '2019-06-24', 'Working', 'Not For Repair', 'Default Admin', '109'),
(716, 'CPU', 'INTEL', 'i5', 'N/A', '2019-06-24', 1, '2019-06-24', 'Working', 'Not For Repair', 'Default Admin', '109'),
(717, 'Motherboard', 'APPLE', '', 'N/A', '2019-06-24', 1, '2019-06-24', 'Working', 'Not For Repair', 'Default Admin', '109'),
(718, 'GPU', 'N/A', '', 'N/A', '2019-06-24', 1, '2019-06-24', 'Working', 'Not For Repair', 'Default Admin', '109'),
(719, 'RAM', 'APPLE', '8 GB', 'N/A', '2019-06-24', 1, '2019-06-24', 'Working', 'Not For Repair', 'Default Admin', '109'),
(720, 'HDD', 'APPLE', '500 GB', 'N/A', '2019-06-24', 1, '2019-06-24', 'Working', 'Not For Repair', 'Default Admin', '109'),
(721, 'Monitor', 'APPLE', '21 inch', 'N/A', '2019-06-24', 1, '2019-06-24', 'Working', 'Not For Repair', 'Default Admin', '110'),
(722, 'Keyboard', 'APPLE', '', 'DG7215201B4DPQWAG', '2019-06-24', 1, '2019-06-24', 'Working', 'Not For Repair', 'Default Admin', '110'),
(723, 'Mouse', 'APPLE', '', '8B212017LDU1A', '2019-06-24', 1, '2019-06-24', 'Working', 'Not For Repair', 'Default Admin', '110'),
(724, 'AVR', 'N/A', '', 'N/A', '2019-06-24', 1, '2019-06-24', 'Working', 'Not For Repair', 'Default Admin', '110'),
(725, 'Headset', 'N/A', '', 'N/A', '2019-06-24', 1, '2019-06-24', 'Working', 'Not For Repair', 'Default Admin', '110'),
(726, 'CPU', 'INTEL', 'i5', 'N/A', '2019-06-24', 1, '2019-06-24', 'Working', 'Not For Repair', 'Default Admin', '110'),
(727, 'Motherboard', 'APPLE', '', 'N/A', '2019-06-24', 1, '2019-06-24', 'Working', 'Not For Repair', 'Default Admin', '110'),
(728, 'GPU', 'N/A', '', 'N/A', '2019-06-24', 1, '2019-06-24', 'Working', 'Not For Repair', 'Default Admin', '110'),
(729, 'RAM', 'APPLE', '8 GB', 'N/A', '2019-06-24', 1, '2019-06-24', 'Working', 'Not For Repair', 'Default Admin', '110'),
(730, 'HDD', 'APPLE', '500 GB', 'N/A', '2019-06-24', 1, '2019-06-24', 'Working', 'Not For Repair', 'Default Admin', '110'),
(731, 'Monitor', 'LENOVO', '17inch', 'V307968', '2019-06-24', 1, '2019-06-24', 'Working', 'Not For Repair', 'Default Admin', '78'),
(732, 'Keyboard', 'LENOVO', '', '0422020', '2019-06-24', 1, '2019-06-24', 'Working', 'Not For Repair', 'Default Admin', '78'),
(733, 'Mouse', 'LENOVO', '', '44D60918', '2019-06-24', 1, '2019-06-24', 'Working', 'Not For Repair', 'Default Admin', '78'),
(734, 'AVR', 'NA', '', '', '2019-06-24', 1, '2019-06-24', 'Working', 'Not For Repair', 'Default Admin', '78'),
(735, 'Headset', 'NA', '', '', '2019-06-24', 1, '2019-06-24', 'Working', 'Not For Repair', 'Default Admin', '78'),
(736, 'CPU', 'INTEL', 'CORE 2', '', '2019-06-24', 1, '2019-06-24', 'Working', 'Not For Repair', 'Default Admin', '78'),
(737, 'Motherboard', 'LENOVO', '7298CTO', '', '2019-06-24', 1, '2019-06-24', 'Working', 'Not For Repair', 'Default Admin', '78'),
(738, 'GPU', 'NA', '', '', '2019-06-24', 1, '2019-06-24', 'Working', 'Not For Repair', 'Default Admin', '78'),
(739, 'RAM', 'SAMSUNG', '2 GB DDR2', '11S41A1102ZVJ3J95M0NP', '2019-06-24', 1, '2019-06-24', 'Working', 'Not For Repair', 'Default Admin', '78'),
(740, 'HDD', 'SEAGATE', '160GB', 'W9A98DSC', '2019-06-24', 1, '2019-06-24', 'Working', 'Not For Repair', 'Default Admin', '78'),
(741, 'Monitor', 'APPLE', '21 inch', 'N/A', '2019-06-24', 1, '2019-06-24', 'Working', 'Not For Repair', 'Default Admin', '111'),
(742, 'Keyboard', 'APPLE', '', 'DG7215504VVDPQWAZ', '2019-06-24', 1, '2019-06-24', 'Working', 'Not For Repair', 'Default Admin', '111'),
(743, 'Mouse', 'APPLE', '', '8B212005SDU1A', '2019-06-24', 1, '2019-06-24', 'Working', 'Not For Repair', 'Default Admin', '111'),
(744, 'AVR', 'N/A', '', 'N/A', '2019-06-24', 1, '2019-06-24', 'Working', 'Not For Repair', 'Default Admin', '111'),
(745, 'Headset', 'N/A', '', 'N/A', '2019-06-24', 1, '2019-06-24', 'Working', 'Not For Repair', 'Default Admin', '111'),
(746, 'CPU', 'INTEL', 'i5', 'N/A', '2019-06-24', 1, '2019-06-24', 'Working', 'Not For Repair', 'Default Admin', '111'),
(747, 'Motherboard', 'APPLE', '', 'N/A', '2019-06-24', 1, '2019-06-24', 'Working', 'Not For Repair', 'Default Admin', '111'),
(748, 'GPU', 'N/A', '', 'N/A', '2019-06-24', 1, '2019-06-24', 'Working', 'Not For Repair', 'Default Admin', '111'),
(749, 'RAM', 'APPLE', '8 GB', 'N/A', '2019-06-24', 1, '2019-06-24', 'Working', 'Not For Repair', 'Default Admin', '111'),
(750, 'HDD', 'APPLE', '500 GB', 'N/A', '2019-06-24', 1, '2019-06-24', 'Working', 'Not For Repair', 'Default Admin', '111'),
(751, 'Monitor', 'APPLE', '21 inch', 'N/A', '2019-06-24', 1, '2019-06-24', 'Working', 'Not For Repair', 'Default Admin', '112'),
(752, 'Keyboard', 'APPLE', '', '8B212005SDU1A', '2019-06-24', 1, '2019-06-24', 'Working', 'Not For Repair', 'Default Admin', '112'),
(753, 'Mouse', 'APPLE', '', '8B21200QHDU1A', '2019-06-24', 1, '2019-06-24', 'Working', 'Not For Repair', 'Default Admin', '112'),
(754, 'AVR', 'N/A', '', 'N/A', '2019-06-24', 1, '2019-06-24', 'Working', 'Not For Repair', 'Default Admin', '112'),
(755, 'Headset', 'N/A', '', 'N/A', '2019-06-24', 1, '2019-06-24', 'Working', 'Not For Repair', 'Default Admin', '112'),
(756, 'CPU', 'INTEL', 'i5', 'N/A', '2019-06-24', 1, '2019-06-24', 'Working', 'Not For Repair', 'Default Admin', '112'),
(757, 'Motherboard', 'APPLE', '', 'N/A', '2019-06-24', 1, '2019-06-24', 'Working', 'Not For Repair', 'Default Admin', '112'),
(758, 'GPU', 'N/A', '', 'N/A', '2019-06-24', 1, '2019-06-24', 'Working', 'Not For Repair', 'Default Admin', '112'),
(759, 'RAM', 'APPLE', '8 GB', 'N/A', '2019-06-24', 1, '2019-06-24', 'Working', 'Not For Repair', 'Default Admin', '112'),
(760, 'HDD', 'APPLE', '500 GB', 'N/A', '2019-06-24', 1, '2019-06-24', 'Working', 'Not For Repair', 'Default Admin', '112'),
(761, 'Monitor', 'LENOVO', '17inch', 'L3ABR9H', '2019-06-24', 1, '2019-06-24', 'Working', 'Not For Repair', 'Default Admin', '79'),
(762, 'Keyboard', 'LENOVO', '', '00422097', '2019-06-24', 1, '2019-06-24', 'Working', 'Not For Repair', 'Default Admin', '79'),
(763, 'Mouse', 'LENOVO', '', '44B9006049', '2019-06-24', 1, '2019-06-24', 'Working', 'Not For Repair', 'Default Admin', '79'),
(764, 'AVR', 'NA', '', '', '2019-06-24', 1, '2019-06-24', 'Working', 'Not For Repair', 'Default Admin', '79'),
(765, 'Headset', 'NA', '', '', '2019-06-24', 1, '2019-06-24', 'Working', 'Not For Repair', 'Default Admin', '79'),
(766, 'CPU', 'INTEL', 'CORE 2', '', '2019-06-24', 1, '2019-06-24', 'Working', 'Not For Repair', 'Default Admin', '79'),
(767, 'Motherboard', 'LENOVO', '7298CTO', '', '2019-06-24', 1, '2019-06-24', 'Working', 'Not For Repair', 'Default Admin', '79'),
(768, 'GPU', 'NA', '', '', '2019-06-24', 1, '2019-06-24', 'Working', 'Not For Repair', 'Default Admin', '79'),
(769, 'RAM', 'SAMSUNG', '2 GB DDR2', '11S41A1102ZVJ3LJ95M0OLT', '2019-06-24', 1, '2019-06-24', 'Working', 'Not For Repair', 'Default Admin', '79'),
(770, 'HDD', 'SEAGATE', '160GB', '6RAFK1KA', '2019-06-24', 1, '2019-06-24', 'Working', 'Not For Repair', 'Default Admin', '79'),
(771, 'Monitor', 'LENOVO', '17inch', 'V307886', '2019-06-24', 1, '2019-06-24', 'Working', 'Not For Repair', 'Default Admin', '80'),
(772, 'Keyboard', 'LENOVO', '', '0422944', '2019-06-24', 1, '2019-06-24', 'Working', 'Not For Repair', 'Default Admin', '80'),
(773, 'Mouse', 'LENOVO', '', '44B9007049', '2019-06-24', 1, '2019-06-24', 'Working', 'Not For Repair', 'Default Admin', '80'),
(774, 'AVR', 'NA', '', '', '2019-06-24', 1, '2019-06-24', 'Working', 'Not For Repair', 'Default Admin', '80'),
(775, 'Headset', 'NA', '', '', '2019-06-24', 1, '2019-06-24', 'Working', 'Not For Repair', 'Default Admin', '80'),
(776, 'CPU', 'INTEL', 'CORE 2', '', '2019-06-24', 1, '2019-06-24', 'Working', 'Not For Repair', 'Default Admin', '80'),
(777, 'Motherboard', 'LENOVO', '7298CTO', '', '2019-06-24', 1, '2019-06-24', 'Working', 'Not For Repair', 'Default Admin', '80'),
(778, 'GPU', 'NA', '', '', '2019-06-24', 1, '2019-06-24', 'Working', 'Not For Repair', 'Default Admin', '80'),
(779, 'RAM', 'SAMSUNG', '2 GB DDR2', '11S41A1102ZVJ3L95QOQC', '2019-06-24', 1, '2019-06-24', 'Working', 'Not For Repair', 'Default Admin', '80'),
(780, 'HDD', 'SEAGATE', '160GB', '6RAFK0XC', '2019-06-24', 1, '2019-06-24', 'Working', 'Not For Repair', 'Default Admin', '80'),
(781, 'Monitor', 'APPLE', '21 inch', 'N/A', '2019-06-24', 1, '2019-06-24', 'Working', 'Not For Repair', 'Default Admin', '113'),
(782, 'Keyboard', 'APPLE', '', 'DG7214200CUDPQWAT', '2019-06-24', 1, '2019-06-24', 'Working', 'Not For Repair', 'Default Admin', '113'),
(783, 'Mouse', 'APPLE', '', '8B21200HDU1A', '2019-06-24', 1, '2019-06-24', 'Working', 'Not For Repair', 'Default Admin', '113'),
(784, 'AVR', 'N/A', '', 'N/A', '2019-06-24', 1, '2019-06-24', 'Working', 'Not For Repair', 'Default Admin', '113'),
(785, 'Headset', 'N/A', '', 'N/A', '2019-06-24', 1, '2019-06-24', 'Working', 'Not For Repair', 'Default Admin', '113'),
(786, 'CPU', 'INTEL', 'i5', 'N/A', '2019-06-24', 1, '2019-06-24', 'Working', 'Not For Repair', 'Default Admin', '113'),
(787, 'Motherboard', 'APPLE', '', 'N/A', '2019-06-24', 1, '2019-06-24', 'Working', 'Not For Repair', 'Default Admin', '113'),
(788, 'GPU', 'N/A', '', 'N/A', '2019-06-24', 1, '2019-06-24', 'Working', 'Not For Repair', 'Default Admin', '113'),
(789, 'RAM', 'APPLE', '8 GB', 'N/A', '2019-06-24', 1, '2019-06-24', 'Working', 'Not For Repair', 'Default Admin', '113'),
(790, 'HDD', 'APPLE', '500 GB', 'N/A', '2019-06-24', 1, '2019-06-24', 'Working', 'Not For Repair', 'Default Admin', '113'),
(791, 'Monitor', 'LENOVO', '17inch', 'V307881', '2019-06-24', 1, '2019-06-24', 'Working', 'Not For Repair', 'Default Admin', '81'),
(792, 'Keyboard', 'LENOVO', '', '0422944', '2019-06-24', 1, '2019-06-24', 'Working', 'Not For Repair', 'Default Admin', '81'),
(793, 'Mouse', 'LENOVO', '', '44B9007049', '2019-06-24', 1, '2019-06-24', 'Working', 'Not For Repair', 'Default Admin', '81'),
(794, 'AVR', 'NA', '', '', '2019-06-24', 1, '2019-06-24', 'Working', 'Not For Repair', 'Default Admin', '81'),
(795, 'Headset', 'NA', '', '', '2019-06-24', 1, '2019-06-24', 'Working', 'Not For Repair', 'Default Admin', '81'),
(796, 'CPU', 'INTEL', 'CORE 2', '', '2019-06-24', 1, '2019-06-24', 'Working', 'Not For Repair', 'Default Admin', '81'),
(797, 'Motherboard', 'LENOVO', '7298CTO', '', '2019-06-24', 1, '2019-06-24', 'Working', 'Not For Repair', 'Default Admin', '81'),
(798, 'GPU', 'NA', '', '', '2019-06-24', 1, '2019-06-24', 'Working', 'Not For Repair', 'Default Admin', '81'),
(799, 'RAM', 'SAMSUNG', '2 GB DDR2', '11S41A1102ZVJ3LJ95M0PW', '2019-06-24', 1, '2019-06-24', 'Working', 'Not For Repair', 'Default Admin', '81'),
(800, 'HDD', 'SEAGATE', '160GB', '6RAFK39G', '2019-06-24', 1, '2019-06-24', 'Working', 'Not For Repair', 'Default Admin', '81'),
(801, 'Monitor', 'LENOVO', '17inch', 'V307985', '2019-06-24', 1, '2019-06-24', 'Working', 'Not For Repair', 'Default Admin', '82'),
(802, 'Keyboard', 'LENOVO', '', '0422108', '2019-06-24', 1, '2019-06-24', 'Working', 'Not For Repair', 'Default Admin', '82'),
(803, 'Mouse', 'LENOVO', '', '44D5590049', '2019-06-24', 1, '2019-06-24', 'Working', 'Not For Repair', 'Default Admin', '82');
INSERT INTO `peripherals` (`peripheral_id`, `peripheral_type`, `peripheral_brand`, `peripheral_description`, `peripheral_serial_no`, `peripheral_date_purchased`, `peripheral_amount`, `peripheral_date_issued`, `peripheral_condition`, `remarks`, `added_by`, `unit_id`) VALUES
(804, 'AVR', 'NA', '', '', '2019-06-24', 1, '2019-06-24', 'Working', 'Not For Repair', 'Default Admin', '82'),
(805, 'Headset', 'NA', '', '', '2019-06-24', 1, '2019-06-24', 'Working', 'Not For Repair', 'Default Admin', '82'),
(806, 'CPU', 'INTEL', 'CORE 2', '', '2019-06-24', 1, '2019-06-24', 'Working', 'Not For Repair', 'Default Admin', '82'),
(807, 'Motherboard', 'LENOVO', '7298CTO', '', '2019-06-24', 1, '2019-06-24', 'Working', 'Not For Repair', 'Default Admin', '82'),
(808, 'GPU', 'NA', '', '', '2019-06-24', 1, '2019-06-24', 'Working', 'Not For Repair', 'Default Admin', '82'),
(809, 'RAM', 'SAMSUNG', '2 GB DDR2', '11S41A110XZVJ3LJ95M0LW', '2019-06-24', 1, '2019-06-24', 'Working', 'Not For Repair', 'Default Admin', '82'),
(810, 'HDD', 'SEAGATE', '160GB', '6RAFKOJ5', '2019-06-24', 1, '2019-06-24', 'Working', 'Not For Repair', 'Default Admin', '82'),
(811, 'Monitor', 'LENOVO', '17inch', 'V3D8496', '2019-06-24', 1, '2019-06-24', 'Working', 'Not For Repair', 'Default Admin', '83'),
(812, 'Keyboard', 'LENOVO', '', '0157732', '2019-06-24', 1, '2019-06-24', 'Working', 'Not For Repair', 'Default Admin', '83'),
(813, 'Mouse', 'LENOVO', '', '44B8995049', '2019-06-24', 1, '2019-06-24', 'Working', 'Not For Repair', 'Default Admin', '83'),
(814, 'AVR', 'NA', '', '', '2019-06-24', 1, '2019-06-24', 'Working', 'Not For Repair', 'Default Admin', '83'),
(815, 'Headset', 'NA', '', '', '2019-06-24', 1, '2019-06-24', 'Working', 'Not For Repair', 'Default Admin', '83'),
(816, 'CPU', 'INTEL', 'CORE 2', '', '2019-06-24', 1, '2019-06-24', 'Working', 'Not For Repair', 'Default Admin', '83'),
(817, 'Motherboard', 'LENOVO', '7298CTO', '', '2019-06-24', 1, '2019-06-24', 'Working', 'Not For Repair', 'Default Admin', '83'),
(818, 'GPU', 'NA', '', '', '2019-06-24', 1, '2019-06-24', 'Working', 'Not For Repair', 'Default Admin', '83'),
(819, 'RAM', 'SAMSUNG', '2 GB DDR2', '11S41A1102ZVJ3LJ95M0RZ', '2019-06-24', 1, '2019-06-24', 'Working', 'Not For Repair', 'Default Admin', '83'),
(820, 'HDD', 'SEAGATE', '160GB', '6RAFKOJ5', '2019-06-24', 1, '2019-06-24', 'Working', 'Not For Repair', 'Default Admin', '83'),
(821, 'Monitor', 'LENOVO', '17inch', 'V307933', '2019-06-24', 1, '2019-06-24', 'Working', 'Not For Repair', 'Default Admin', '84'),
(822, 'Keyboard', 'LENOVO', '', '1145067', '2019-06-24', 1, '2019-06-24', 'Working', 'Not For Repair', 'Default Admin', '84'),
(823, 'Mouse', 'LENOVO', '', '44D6823049', '2019-06-24', 1, '2019-06-24', 'Working', 'Not For Repair', 'Default Admin', '84'),
(824, 'AVR', 'NA', '', '', '2019-06-24', 1, '2019-06-24', 'Working', 'Not For Repair', 'Default Admin', '84'),
(825, 'Headset', 'NA', '', '', '2019-06-24', 1, '2019-06-24', 'Working', 'Not For Repair', 'Default Admin', '84'),
(826, 'CPU', 'INTEL', 'CORE 2', '', '2019-06-24', 1, '2019-06-24', 'Working', 'Not For Repair', 'Default Admin', '84'),
(827, 'Motherboard', 'LENOVO', '7298CTO', '', '2019-06-24', 1, '2019-06-24', 'Working', 'Not For Repair', 'Default Admin', '84'),
(828, 'GPU', 'NA', '', '', '2019-06-24', 1, '2019-06-24', 'Working', 'Not For Repair', 'Default Admin', '84'),
(829, 'RAM', 'SAMSUNG', '2 GB DDR2', '11S41A1102ZVJ3LJ950SN', '2019-06-24', 1, '2019-06-24', 'Working', 'Not For Repair', 'Default Admin', '84'),
(830, 'HDD', 'SEAGATE', '160GB', '6RAF1FE', '2019-06-24', 1, '2019-06-24', 'Working', 'Not For Repair', 'Default Admin', '84'),
(831, 'Monitor', 'LENOVO', '17inch', 'V307826', '2019-06-24', 1, '2019-06-24', 'Working', 'Not For Repair', 'Default Admin', '85'),
(832, 'Keyboard', 'LENOVO', '', '0063565', '2019-06-24', 1, '2019-06-24', 'Working', 'Not For Repair', 'Default Admin', '85'),
(833, 'Mouse', 'LENOVO', '', '44D6879049', '2019-06-24', 1, '2019-06-24', 'Working', 'Not For Repair', 'Default Admin', '85'),
(834, 'AVR', 'NA', '', '', '2019-06-24', 1, '2019-06-24', 'Working', 'Not For Repair', 'Default Admin', '85'),
(835, 'Headset', 'NA', '', '', '2019-06-24', 1, '2019-06-24', 'Working', 'Not For Repair', 'Default Admin', '85'),
(836, 'CPU', 'INTEL', 'CORE 2', '', '2019-06-24', 1, '2019-06-24', 'Working', 'Not For Repair', 'Default Admin', '85'),
(837, 'Motherboard', 'LENOVO', '7298CTO', '', '2019-06-24', 1, '2019-06-24', 'Working', 'Not For Repair', 'Default Admin', '85'),
(838, 'GPU', 'NA', '', '', '2019-06-24', 1, '2019-06-24', 'Working', 'Not For Repair', 'Default Admin', '85'),
(839, 'RAM', 'SAMSUNG', '2 GB DDR2', '11S41A1102ZVJ3LJ95M0EF', '2019-06-24', 1, '2019-06-24', 'Working', 'Not For Repair', 'Default Admin', '85'),
(840, 'HDD', 'SEAGATE', '160GB', '6RAFJZCB', '2019-06-24', 1, '2019-06-24', 'Working', 'Not For Repair', 'Default Admin', '85'),
(841, 'Monitor', 'APPLE', '21 inch', 'N/A', '2019-06-24', 1, '2019-06-24', 'Working', 'Not For Repair', 'Default Admin', '114'),
(842, 'Keyboard', 'APPLE', '', 'DG721650CNLDPQWAJ', '2019-06-24', 1, '2019-06-24', 'Working', 'Not For Repair', 'Default Admin', '114'),
(843, 'Mouse', 'APPLE', '', '8B2120017QDU1A', '2019-06-24', 1, '2019-06-24', 'Working', 'Not For Repair', 'Default Admin', '114'),
(844, 'AVR', 'N/A', '', 'N/A', '2019-06-24', 1, '2019-06-24', 'Working', 'Not For Repair', 'Default Admin', '114'),
(845, 'Headset', 'N/A', '', 'N/A', '2019-06-24', 1, '2019-06-24', 'Working', 'Not For Repair', 'Default Admin', '114'),
(846, 'CPU', 'INTEL', 'i5', 'N/A', '2019-06-24', 1, '2019-06-24', 'Working', 'Not For Repair', 'Default Admin', '114'),
(847, 'Motherboard', 'APPLE', '', 'N/A', '2019-06-24', 1, '2019-06-24', 'Working', 'Not For Repair', 'Default Admin', '114'),
(848, 'GPU', 'N/A', '', 'N/A', '2019-06-24', 1, '2019-06-24', 'Working', 'Not For Repair', 'Default Admin', '114'),
(849, 'RAM', 'APPLE', '8 GB', 'N/A', '2019-06-24', 1, '2019-06-24', 'Working', 'Not For Repair', 'Default Admin', '114'),
(850, 'HDD', 'APPLE', '500 GB', 'N/A', '2019-06-24', 1, '2019-06-24', 'Working', 'Not For Repair', 'Default Admin', '114'),
(851, 'Monitor', 'LENOVO', '17inch', 'V307974', '2019-06-24', 1, '2019-06-24', 'Working', 'Not For Repair', 'Default Admin', '86'),
(852, 'Keyboard', 'LENOVO', '', '0064457', '2019-06-24', 1, '2019-06-24', 'Working', 'Not For Repair', 'Default Admin', '86'),
(853, 'Mouse', 'LENOVO', '', '44A5782049', '2019-06-24', 1, '2019-06-24', 'Working', 'Not For Repair', 'Default Admin', '86'),
(854, 'AVR', 'NA', '', '', '2019-06-24', 1, '2019-06-24', 'Working', 'Not For Repair', 'Default Admin', '86'),
(855, 'Headset', 'NA', '', '', '2019-06-24', 1, '2019-06-24', 'Working', 'Not For Repair', 'Default Admin', '86'),
(856, 'CPU', 'INTEL', 'CORE 2', '', '2019-06-24', 1, '2019-06-24', 'Working', 'Not For Repair', 'Default Admin', '86'),
(857, 'Motherboard', 'LENOVO', '7298CTO', '', '2019-06-24', 1, '2019-06-24', 'Working', 'Not For Repair', 'Default Admin', '86'),
(858, 'GPU', 'NA', '', '', '2019-06-24', 1, '2019-06-24', 'Working', 'Not For Repair', 'Default Admin', '86'),
(859, 'RAM', 'SAMSUNG', '2 GB DDR2', '11S41A1102ZVJ3LJ95M0P3', '2019-06-24', 1, '2019-06-24', 'Working', 'Not For Repair', 'Default Admin', '86'),
(860, 'HDD', 'SEAGATE', '160GB', '6RAFK0PE', '2019-06-24', 1, '2019-06-24', 'Working', 'Not For Repair', 'Default Admin', '86'),
(861, 'Monitor', 'APPLE', '21 inch', 'N/A', '2019-06-24', 1, '2019-06-24', 'Working', 'Not For Repair', 'Default Admin', '115'),
(862, 'Keyboard', 'APPLE', '', 'DG7214109KBDPQWAF', '2019-06-24', 1, '2019-06-24', 'Working', 'Not For Repair', 'Default Admin', '115'),
(863, 'Mouse', 'APPLE', '', '8B21201AXDU1A ', '2019-06-24', 1, '2019-06-24', 'Working', 'Not For Repair', 'Default Admin', '115'),
(864, 'AVR', 'N/A', '', 'N/A', '2019-06-24', 1, '2019-06-24', 'Working', 'Not For Repair', 'Default Admin', '115'),
(865, 'Headset', 'N/A', '', 'N/A', '2019-06-24', 1, '2019-06-24', 'Working', 'Not For Repair', 'Default Admin', '115'),
(866, 'CPU', 'INTEL', 'i5', 'N/A', '2019-06-24', 1, '2019-06-24', 'Working', 'Not For Repair', 'Default Admin', '115'),
(867, 'Motherboard', 'APPLE', '', 'N/A', '2019-06-24', 1, '2019-06-24', 'Working', 'Not For Repair', 'Default Admin', '115'),
(868, 'GPU', 'N/A', '', 'N/A', '2019-06-24', 1, '2019-06-24', 'Working', 'Not For Repair', 'Default Admin', '115'),
(869, 'RAM', 'APPLE', '8 GB', 'N/A', '2019-06-24', 1, '2019-06-24', 'Working', 'Not For Repair', 'Default Admin', '115'),
(870, 'HDD', 'APPLE', '500 GB', 'N/A', '2019-06-24', 1, '2019-06-24', 'Working', 'Not For Repair', 'Default Admin', '115'),
(871, 'Monitor', 'APPLE', '21 inch', 'N/A', '2019-06-24', 1, '2019-06-24', 'Working', 'Not For Repair', 'Default Admin', '116'),
(872, 'Keyboard', 'APPLE', '', 'DG7214109LVDPQWAU', '2019-06-24', 1, '2019-06-24', 'Working', 'Not For Repair', 'Default Admin', '116'),
(873, 'Mouse', 'APPLE', '', '8B21201C0DU1A', '2019-06-24', 1, '2019-06-24', 'Working', 'Not For Repair', 'Default Admin', '116'),
(874, 'AVR', 'N/A', '', 'N/A', '2019-06-24', 1, '2019-06-24', 'Working', 'Not For Repair', 'Default Admin', '116'),
(875, 'Headset', 'N/A', '', 'N/A', '2019-06-24', 1, '2019-06-24', 'Working', 'Not For Repair', 'Default Admin', '116'),
(876, 'CPU', 'INTEL', 'i5', 'N/A', '2019-06-24', 1, '2019-06-24', 'Working', 'Not For Repair', 'Default Admin', '116'),
(877, 'Motherboard', 'APPLE', '', 'N/A', '2019-06-24', 1, '2019-06-24', 'Working', 'Not For Repair', 'Default Admin', '116'),
(878, 'GPU', 'N/A', '', 'N/A', '2019-06-24', 1, '2019-06-24', 'Working', 'Not For Repair', 'Default Admin', '116'),
(879, 'RAM', 'APPLE', '8 GB', 'N/A', '2019-06-24', 1, '2019-06-24', 'Working', 'Not For Repair', 'Default Admin', '116'),
(880, 'HDD', 'APPLE', '500 GB', 'N/A', '2019-06-24', 1, '2019-06-24', 'Working', 'Not For Repair', 'Default Admin', '116'),
(881, 'Monitor', 'LENOVO', '17inch', 'V307995', '2019-06-24', 1, '2019-06-24', 'Working', 'Not For Repair', 'Default Admin', '87'),
(882, 'Keyboard', 'LENOVO', '', '0063522', '2019-06-24', 1, '2019-06-24', 'Working', 'Not For Repair', 'Default Admin', '87'),
(883, 'Mouse', 'LENOVO', '', '44B8942049', '2019-06-24', 1, '2019-06-24', 'Working', 'Not For Repair', 'Default Admin', '87'),
(884, 'AVR', 'NA', '', '', '2019-06-24', 1, '2019-06-24', 'Working', 'Not For Repair', 'Default Admin', '87'),
(885, 'Headset', 'NA', '', '', '2019-06-24', 1, '2019-06-24', 'Working', 'Not For Repair', 'Default Admin', '87'),
(886, 'CPU', 'INTEL', 'CORE 2', '', '2019-06-24', 1, '2019-06-24', 'Working', 'Not For Repair', 'Default Admin', '87'),
(887, 'Motherboard', 'LENOVO', '7298CTO', '', '2019-06-24', 1, '2019-06-24', 'Working', 'Not For Repair', 'Default Admin', '87'),
(888, 'GPU', 'NA', '', '', '2019-06-24', 1, '2019-06-24', 'Working', 'Not For Repair', 'Default Admin', '87'),
(889, 'RAM', 'SAMSUNG', '2 GB DDR2', '11S41A110ZVJLJ95M0R1', '2019-06-24', 1, '2019-06-24', 'Working', 'Not For Repair', 'Default Admin', '87'),
(890, 'HDD', 'SEAGATE', '160GB', '6RAFJZTR', '2019-06-24', 1, '2019-06-24', 'Working', 'Not For Repair', 'Default Admin', '87'),
(891, 'Monitor', 'APPLE', '21 inch', 'N/A', '2019-06-24', 1, '2019-06-24', 'Working', 'Not For Repair', 'Default Admin', '117'),
(892, 'Keyboard', 'APPLE', '', 'DG721640A700DPQWAJ', '2019-06-24', 1, '2019-06-24', 'Working', 'Not For Repair', 'Default Admin', '117'),
(893, 'Mouse', 'APPLE', '', '8B21200V6DU1A', '2019-06-24', 1, '2019-06-24', 'Working', 'Not For Repair', 'Default Admin', '117'),
(894, 'AVR', 'N/A', '', 'N/A', '2019-06-24', 1, '2019-06-24', 'Working', 'Not For Repair', 'Default Admin', '117'),
(895, 'Headset', 'N/A', '', 'N/A', '2019-06-24', 1, '2019-06-24', 'Working', 'Not For Repair', 'Default Admin', '117'),
(896, 'CPU', 'INTEL', 'i5', 'N/A', '2019-06-24', 1, '2019-06-24', 'Working', 'Not For Repair', 'Default Admin', '117'),
(897, 'Motherboard', 'APPLE', '', 'N/A', '2019-06-24', 1, '2019-06-24', 'Working', 'Not For Repair', 'Default Admin', '117'),
(898, 'GPU', 'N/A', '', 'N/A', '2019-06-24', 1, '2019-06-24', 'Working', 'Not For Repair', 'Default Admin', '117'),
(899, 'RAM', 'APPLE', '8 GB', 'N/A', '2019-06-24', 1, '2019-06-24', 'Working', 'Not For Repair', 'Default Admin', '117'),
(900, 'HDD', 'APPLE', '500 GB', 'N/A', '2019-06-24', 1, '2019-06-24', 'Working', 'Not For Repair', 'Default Admin', '117'),
(901, 'Monitor', 'APPLE', '21 inch', 'N/A', '2019-06-24', 1, '2019-06-24', 'Working', 'Not For Repair', 'Default Admin', '118'),
(902, 'Keyboard', 'APPLE', '', 'DG7214200LQDPQWA7', '2019-06-24', 1, '2019-06-24', 'Working', 'Not For Repair', 'Default Admin', '118'),
(903, 'Mouse', 'APPLE', '', '8B21201CADU1A', '2019-06-24', 1, '2019-06-24', 'Working', 'Not For Repair', 'Default Admin', '118'),
(904, 'AVR', 'N/A', '', 'N/A', '2019-06-24', 1, '2019-06-24', 'Working', 'Not For Repair', 'Default Admin', '118'),
(905, 'Headset', 'N/A', '', 'N/A', '2019-06-24', 1, '2019-06-24', 'Working', 'Not For Repair', 'Default Admin', '118'),
(906, 'CPU', 'INTEL', 'i5', 'N/A', '2019-06-24', 1, '2019-06-24', 'Working', 'Not For Repair', 'Default Admin', '118'),
(907, 'Motherboard', 'APPLE', '', 'N/A', '2019-06-24', 1, '2019-06-24', 'Working', 'Not For Repair', 'Default Admin', '118'),
(908, 'GPU', 'N/A', '', 'N/A', '2019-06-24', 1, '2019-06-24', 'Working', 'Not For Repair', 'Default Admin', '118'),
(909, 'RAM', 'APPLE', '8 GB', 'N/A', '2019-06-24', 1, '2019-06-24', 'Working', 'Not For Repair', 'Default Admin', '118'),
(910, 'HDD', 'APPLE', '500 GB', 'N/A', '2019-06-24', 1, '2019-06-24', 'Working', 'Not For Repair', 'Default Admin', '118'),
(911, 'Monitor', 'APPLE', '21 inch', 'N/A', '2019-06-24', 1, '2019-06-24', 'Working', 'Not For Repair', 'Default Admin', '119'),
(912, 'Keyboard', 'APPLE', '', 'DG7214109KADPWAG', '2019-06-24', 1, '2019-06-24', 'Working', 'Not For Repair', 'Default Admin', '119'),
(913, 'Mouse', 'APPLE', '', '8B21200U5DU1A', '2019-06-24', 1, '2019-06-24', 'Working', 'Not For Repair', 'Default Admin', '119'),
(914, 'AVR', 'N/A', '', 'N/A', '2019-06-24', 1, '2019-06-24', 'Working', 'Not For Repair', 'Default Admin', '119'),
(915, 'Headset', 'N/A', '', 'N/A', '2019-06-24', 1, '2019-06-24', 'Working', 'Not For Repair', 'Default Admin', '119'),
(916, 'CPU', 'INTEL', 'i5', 'N/A', '2019-06-24', 1, '2019-06-24', 'Working', 'Not For Repair', 'Default Admin', '119'),
(917, 'Motherboard', 'APPLE', '', 'N/A', '2019-06-24', 1, '2019-06-24', 'Working', 'Not For Repair', 'Default Admin', '119'),
(918, 'GPU', 'N/A', '', 'N/A', '2019-06-24', 1, '2019-06-24', 'Working', 'Not For Repair', 'Default Admin', '119'),
(919, 'RAM', 'APPLE', '8 GB', 'N/A', '2019-06-24', 1, '2019-06-24', 'Working', 'Not For Repair', 'Default Admin', '119'),
(920, 'HDD', 'APPLE', '500 GB', 'N/A', '2019-06-24', 1, '2019-06-24', 'Working', 'Not For Repair', 'Default Admin', '119'),
(921, 'Monitor', 'LENOVO', '`', 'V308566', '2019-06-24', 1, '2019-06-24', 'Working', 'Not For Repair', 'Default Admin', '88'),
(922, 'Keyboard', 'LENOVO', '', '0422016', '2019-06-24', 1, '2019-06-24', 'Working', 'Not For Repair', 'Default Admin', '88'),
(923, 'Mouse', 'LENOVO', '', '0422016', '2019-06-24', 1, '2019-06-24', 'Working', 'Not For Repair', 'Default Admin', '88'),
(924, 'AVR', 'NA', '', '', '2019-06-24', 1, '2019-06-24', 'Working', 'Not For Repair', 'Default Admin', '88'),
(925, 'Headset', 'NA', '', '', '2019-06-24', 1, '2019-06-24', 'Working', 'Not For Repair', 'Default Admin', '88'),
(926, 'CPU', 'INTEL', 'CORE 2', '', '2019-06-24', 1, '2019-06-24', 'Working', 'Not For Repair', 'Default Admin', '88'),
(927, 'Motherboard', 'LENOVO', '7298CTO', '', '2019-06-24', 1, '2019-06-24', 'Working', 'Not For Repair', 'Default Admin', '88'),
(928, 'GPU', 'NA', '', '', '2019-06-24', 1, '2019-06-24', 'Working', 'Not For Repair', 'Default Admin', '88'),
(929, 'RAM', 'SAMSUNG', '2 GB DDR2', ' 11S41A1102ZVJ3LJ95M0N3', '2019-06-24', 1, '2019-06-24', 'Working', 'Not For Repair', 'Default Admin', '88'),
(930, 'HDD', 'SEAGATE', '160GB', '6RAFJZYX', '2019-06-24', 1, '2019-06-24', 'Working', 'Not For Repair', 'Default Admin', '88'),
(931, 'Monitor', 'APPLE', '21 inch', 'N/A', '2019-06-24', 1, '2019-06-24', 'Working', 'Not For Repair', 'Default Admin', '120'),
(932, 'Keyboard', 'APPLE', '', 'DG7214109LQDPQWAZ', '2019-06-24', 1, '2019-06-24', 'Working', 'Not For Repair', 'Default Admin', '120'),
(933, 'Mouse', 'APPLE', '', '8B212001ADU1A', '2019-06-24', 1, '2019-06-24', 'Working', 'Not For Repair', 'Default Admin', '120'),
(934, 'AVR', 'N/A', '', 'N/A', '2019-06-24', 1, '2019-06-24', 'Working', 'Not For Repair', 'Default Admin', '120'),
(935, 'Headset', 'N/A', '', 'N/A', '2019-06-24', 1, '2019-06-24', 'Working', 'Not For Repair', 'Default Admin', '120'),
(936, 'CPU', 'INTEL', 'i5', 'N/A', '2019-06-24', 1, '2019-06-24', 'Working', 'Not For Repair', 'Default Admin', '120'),
(937, 'Motherboard', 'APPLE', '', 'N/A', '2019-06-24', 1, '2019-06-24', 'Working', 'Not For Repair', 'Default Admin', '120'),
(938, 'GPU', 'N/A', '', 'N/A', '2019-06-24', 1, '2019-06-24', 'Working', 'Not For Repair', 'Default Admin', '120'),
(939, 'RAM', 'APPLE', '8 GB', 'N/A', '2019-06-24', 1, '2019-06-24', 'Working', 'Not For Repair', 'Default Admin', '120'),
(940, 'HDD', 'APPLE', '500 GB', 'N/A', '2019-06-24', 1, '2019-06-24', 'Working', 'Not For Repair', 'Default Admin', '120'),
(941, 'Monitor', 'APPLE', '21 inch', 'N/A', '2019-06-24', 1, '2019-06-24', 'Working', 'Not For Repair', 'Default Admin', '121'),
(942, 'Keyboard', 'APPLE', '', 'DG7215201D1DPQWAD', '2019-06-24', 1, '2019-06-24', 'Working', 'Not For Repair', 'Default Admin', '121'),
(943, 'Mouse', 'APPLE', '', '8B21201CDDU1A', '2019-06-24', 1, '2019-06-24', 'Working', 'Not For Repair', 'Default Admin', '121'),
(944, 'AVR', 'N/A', '', 'N/A', '2019-06-24', 1, '2019-06-24', 'Working', 'Not For Repair', 'Default Admin', '121'),
(945, 'Headset', 'N/A', '', 'N/A', '2019-06-24', 1, '2019-06-24', 'Working', 'Not For Repair', 'Default Admin', '121'),
(946, 'CPU', 'INTEL', 'i5', 'N/A', '2019-06-24', 1, '2019-06-24', 'Working', 'Not For Repair', 'Default Admin', '121'),
(947, 'Motherboard', 'APPLE', '', 'N/A', '2019-06-24', 1, '2019-06-24', 'Working', 'Not For Repair', 'Default Admin', '121'),
(948, 'GPU', 'N/A', '', 'N/A', '2019-06-24', 1, '2019-06-24', 'Working', 'Not For Repair', 'Default Admin', '121'),
(949, 'RAM', 'APPLE', '8 GB', 'N/A', '2019-06-24', 1, '2019-06-24', 'Working', 'Not For Repair', 'Default Admin', '121'),
(950, 'HDD', 'APPLE', '500 GB', 'N/A', '2019-06-24', 1, '2019-06-24', 'Working', 'Not For Repair', 'Default Admin', '121'),
(951, 'Monitor', 'LENOVO', '17inch', 'V307941', '2019-06-24', 1, '2019-06-24', 'Working', 'Not For Repair', 'Default Admin', '89'),
(952, 'Keyboard', 'LENOVO', '', '0064421', '2019-06-24', 1, '2019-06-24', 'Working', 'Not For Repair', 'Default Admin', '89'),
(953, 'Mouse', 'LENOVO', '', '44D6905049', '2019-06-24', 1, '2019-06-24', 'Working', 'Not For Repair', 'Default Admin', '89'),
(954, 'AVR', 'NA', '', '', '2019-06-24', 1, '2019-06-24', 'Working', 'Not For Repair', 'Default Admin', '89'),
(955, 'Headset', 'NA', '', '', '2019-06-24', 1, '2019-06-24', 'Working', 'Not For Repair', 'Default Admin', '89'),
(956, 'CPU', 'INTEL', 'CORE 2', '', '2019-06-24', 1, '2019-06-24', 'Working', 'Not For Repair', 'Default Admin', '89'),
(957, 'Motherboard', 'LENOVO', '7298CTO', '', '2019-06-24', 1, '2019-06-24', 'Working', 'Not For Repair', 'Default Admin', '89'),
(958, 'GPU', 'NA', '', '', '2019-06-24', 1, '2019-06-24', 'Working', 'Not For Repair', 'Default Admin', '89'),
(959, 'RAM', 'SAMSUNG', '2 GB DDR2', '11S41A1102ZVJ3LJ95MOLH', '2019-06-24', 1, '2019-06-24', 'Working', 'Not For Repair', 'Default Admin', '89'),
(960, 'HDD', 'SEAGATE', '160GB', '6RAFJYMT', '2019-06-24', 1, '2019-06-24', 'Working', 'Not For Repair', 'Default Admin', '89'),
(961, 'Monitor', 'APPLE', '21 inch', 'N/A', '2019-06-24', 1, '2019-06-24', 'Working', 'Not For Repair', 'Default Admin', '122'),
(962, 'Keyboard', 'APPLE', '', 'DG721650CNCDPQWAS ', '2019-06-24', 1, '2019-06-24', 'Working', 'Not For Repair', 'Default Admin', '122'),
(963, 'Mouse', 'APPLE', '', '8B212017JDU1A', '2019-06-24', 1, '2019-06-24', 'Working', 'Not For Repair', 'Default Admin', '122'),
(964, 'AVR', 'N/A', '', 'N/A', '2019-06-24', 1, '2019-06-24', 'Working', 'Not For Repair', 'Default Admin', '122'),
(965, 'Headset', 'N/A', '', 'N/A', '2019-06-24', 1, '2019-06-24', 'Working', 'Not For Repair', 'Default Admin', '122'),
(966, 'CPU', 'INTEL', 'i5', 'N/A', '2019-06-24', 1, '2019-06-24', 'Working', 'Not For Repair', 'Default Admin', '122'),
(967, 'Motherboard', 'APPLE', '', 'N/A', '2019-06-24', 1, '2019-06-24', 'Working', 'Not For Repair', 'Default Admin', '122'),
(968, 'GPU', 'N/A', '', 'N/A', '2019-06-24', 1, '2019-06-24', 'Working', 'Not For Repair', 'Default Admin', '122'),
(969, 'RAM', 'APPLE', '8 GB', 'N/A', '2019-06-24', 1, '2019-06-24', 'Working', 'Not For Repair', 'Default Admin', '122'),
(970, 'HDD', 'APPLE', '500 GB', 'N/A', '2019-06-24', 1, '2019-06-24', 'Working', 'Not For Repair', 'Default Admin', '122'),
(971, 'Monitor', 'APPLE', '21 inch', 'N/A', '2019-06-24', 1, '2019-06-24', 'Working', 'Not For Repair', 'Default Admin', '123'),
(972, 'Keyboard', 'APPLE', '', 'DG721420037DPQWA7 ', '2019-06-24', 1, '2019-06-24', 'Working', 'Not For Repair', 'Default Admin', '123'),
(973, 'Mouse', 'APPLE', '', '8B2120BEDU1A', '2019-06-24', 1, '2019-06-24', 'Working', 'Not For Repair', 'Default Admin', '123'),
(974, 'AVR', 'N/A', '', 'N/A', '2019-06-24', 1, '2019-06-24', 'Working', 'Not For Repair', 'Default Admin', '123'),
(975, 'Headset', 'N/A', '', 'N/A', '2019-06-24', 1, '2019-06-24', 'Working', 'Not For Repair', 'Default Admin', '123'),
(976, 'CPU', 'INTEL', 'i5', 'N/A', '2019-06-24', 1, '2019-06-24', 'Working', 'Not For Repair', 'Default Admin', '123'),
(977, 'Motherboard', 'APPLE', '', 'N/A', '2019-06-24', 1, '2019-06-24', 'Working', 'Not For Repair', 'Default Admin', '123'),
(978, 'GPU', 'N/A', '', 'N/A', '2019-06-24', 1, '2019-06-24', 'Working', 'Not For Repair', 'Default Admin', '123'),
(979, 'RAM', 'APPLE', '8 GB', 'N/A', '2019-06-24', 1, '2019-06-24', 'Working', 'Not For Repair', 'Default Admin', '123'),
(980, 'HDD', 'APPLE', '500 GB', 'N/A', '2019-06-24', 1, '2019-06-24', 'Working', 'Not For Repair', 'Default Admin', '123'),
(981, 'Monitor', 'LENOVO', '17inch', 'V308548', '2019-06-24', 1, '2019-06-24', 'Working', 'Not For Repair', 'Default Admin', '90'),
(982, 'Keyboard', 'LENOVO', '', '0149610', '2019-06-24', 1, '2019-06-24', 'Working', 'Not For Repair', 'Default Admin', '90'),
(983, 'Mouse', 'LENOVO', '', '44B88740479', '2019-06-24', 1, '2019-06-24', 'Working', 'Not For Repair', 'Default Admin', '90'),
(984, 'AVR', 'NA', '', '', '2019-06-24', 1, '2019-06-24', 'Working', 'Not For Repair', 'Default Admin', '90'),
(985, 'Headset', 'NA', '', '', '2019-06-24', 1, '2019-06-24', 'Working', 'Not For Repair', 'Default Admin', '90'),
(986, 'CPU', 'INTEL', 'CORE 2', '', '2016-06-24', 1, '2019-06-24', 'Working', 'Not For Repair', 'Default Admin', '90'),
(987, 'Motherboard', 'LENOVO', '7298CTO', '', '2019-06-24', 1, '2019-06-24', 'Working', 'Not For Repair', 'Default Admin', '90'),
(988, 'GPU', 'NA', '', '', '2019-06-24', 1, '2019-06-24', 'Working', 'Not For Repair', 'Default Admin', '90'),
(989, 'RAM', 'SAMSUNG', '2 GB DDR2', '11S41A1102ZVJ3LJ95M0LR', '2019-06-24', 1, '2019-06-24', 'Working', 'Not For Repair', 'Default Admin', '90'),
(990, 'HDD', 'SEAGATE', '160GB', '6RAFK1L3', '2019-06-24', 1, '2019-06-24', 'Working', 'Not For Repair', 'Default Admin', '90'),
(991, 'Monitor', 'APPLE', '21 inch', 'N/A', '2019-06-24', 1, '2019-06-24', 'Working', 'Not For Repair', 'Default Admin', '124'),
(992, 'Keyboard', 'APPLE', '', 'DG721420037DPQWA7 ', '2019-06-24', 1, '2019-06-24', 'Working', 'Not For Repair', 'Default Admin', '124'),
(993, 'Mouse', 'APPLE', '', '8B2120BEDU1A', '2019-06-24', 1, '2019-06-24', 'Working', 'Not For Repair', 'Default Admin', '124'),
(994, 'AVR', 'N/A', '', 'N/A', '2019-06-24', 1, '2019-06-24', 'Working', 'Not For Repair', 'Default Admin', '124'),
(995, 'Headset', 'N/A', '', 'N/A', '2019-06-24', 1, '2019-06-24', 'Working', 'Not For Repair', 'Default Admin', '124'),
(996, 'CPU', 'INTEL', 'i5', 'N/A', '2019-06-24', 1, '2019-06-24', 'Working', 'Not For Repair', 'Default Admin', '124'),
(997, 'Motherboard', 'APPLE', '', 'N/A', '2019-06-24', 1, '2019-06-24', 'Working', 'Not For Repair', 'Default Admin', '124'),
(998, 'GPU', 'N/A', '', 'N/A', '2019-06-24', 1, '2019-06-24', 'Working', 'Not For Repair', 'Default Admin', '124'),
(999, 'RAM', 'APPLE', '8 GB', 'N/A', '2019-06-24', 1, '2019-06-24', 'Working', 'Not For Repair', 'Default Admin', '124'),
(1000, 'HDD', 'APPLE', '500 GB', 'N/A', '2019-06-24', 1, '2019-06-24', 'Working', 'Not For Repair', 'Default Admin', '124'),
(1001, 'Monitor', 'LENOVO', '17inch', 'V307930', '2019-06-24', 1, '2019-06-24', 'Working', 'Not For Repair', 'Default Admin', '91'),
(1002, 'Keyboard', 'LENOVO', '', '0063370', '2019-06-24', 1, '2019-06-24', 'Working', 'Not For Repair', 'Default Admin', '91'),
(1003, 'Mouse', 'LENOVO', '', '44A586049', '2019-06-24', 1, '2019-06-24', 'Working', 'Not For Repair', 'Default Admin', '91'),
(1004, 'AVR', 'NA', '', '', '2019-06-24', 1, '2019-06-24', 'Working', 'Not For Repair', 'Default Admin', '91'),
(1005, 'Headset', 'NA', '', '', '2019-06-24', 1, '2019-06-24', 'Working', 'Not For Repair', 'Default Admin', '91'),
(1006, 'CPU', 'INTEL', 'CORE 2', '', '2019-06-24', 1, '2019-06-24', 'Working', 'Not For Repair', 'Default Admin', '91'),
(1007, 'Motherboard', 'LENOVO', '7298CTO', '', '2019-06-24', 1, '2019-06-24', 'Working', 'Not For Repair', 'Default Admin', '91'),
(1008, 'GPU', 'NA', '', '', '2019-06-24', 1, '2019-06-24', 'Working', 'Not For Repair', 'Default Admin', '91'),
(1009, 'RAM', 'SAMSUNG', '2 GB DDR2', '11S41A1102ZBJ3LJ95M0NQ', '2019-06-24', 1, '2019-06-24', 'Working', 'Not For Repair', 'Default Admin', '91'),
(1010, 'HDD', 'SEAGATE', '160GB', 'W3TKKXPYP', '2019-06-24', 1, '2019-06-24', 'Working', 'Not For Repair', 'Default Admin', '91'),
(1011, 'Monitor', 'LENOVO', '17inch', 'V307966', '2019-06-24', 1, '2019-06-24', 'Working', 'Not For Repair', 'Default Admin', '92'),
(1012, 'Keyboard', 'LENOVO', '', '0149556', '2019-06-24', 1, '2019-06-24', 'Working', 'Not For Repair', 'Default Admin', '92'),
(1013, 'Mouse', 'LENOVO', '', '6RAFFJZZ6', '2019-06-24', 1, '2019-06-24', 'Working', 'Not For Repair', 'Default Admin', '92'),
(1014, 'AVR', 'NA', '', '', '2019-06-24', 1, '2019-06-24', 'Working', 'Not For Repair', 'Default Admin', '92'),
(1015, 'Headset', 'NA', '', '', '2019-06-24', 1, '2019-06-24', 'Working', 'Not For Repair', 'Default Admin', '92'),
(1016, 'CPU', 'INTEL', 'CORE 2', '', '2019-06-24', 1, '2019-06-24', 'Working', 'Not For Repair', 'Default Admin', '92'),
(1017, 'Motherboard', 'LENOVO', '7298CTO', '', '2019-06-24', 1, '2019-06-24', 'Working', 'Not For Repair', 'Default Admin', '92'),
(1018, 'GPU', 'NA', '', '', '2019-06-24', 1, '2019-06-24', 'Working', 'Not For Repair', 'Default Admin', '92'),
(1019, 'RAM', 'SAMSUNG', '2 GB DDR2', '11S41A1102ZVJ3LLJ95M0QO', '2019-06-24', 1, '2019-06-24', 'Working', 'Not For Repair', 'Default Admin', '92'),
(1020, 'HDD', 'SEAGATE', '160GB', '6RAFFJZZ6', '2019-06-24', 1, '2019-06-24', 'Working', 'Not For Repair', 'Default Admin', '92'),
(1021, 'Monitor', 'LENOVO', '17inch', 'V307874', '2019-06-24', 1, '2019-06-24', 'Working', 'Not For Repair', 'Default Admin', '93'),
(1022, 'Keyboard', 'LENOVO', '', '0422955', '2019-06-24', 1, '2019-06-24', 'Working', 'Not For Repair', 'Default Admin', '93'),
(1023, 'Mouse', 'LENOVO', '', '44A5794049', '2019-06-24', 1, '2019-06-24', 'Working', 'Not For Repair', 'Default Admin', '93'),
(1024, 'AVR', 'NA', '', '', '2019-06-24', 1, '2019-06-24', 'Working', 'Not For Repair', 'Default Admin', '93'),
(1025, 'Headset', 'NA', '', '', '2019-06-24', 1, '2019-06-24', 'Working', 'Not For Repair', 'Default Admin', '93'),
(1026, 'CPU', 'INTEL', 'CORE 2', '', '2019-06-24', 1, '2019-06-24', 'Working', 'Not For Repair', 'Default Admin', '93'),
(1027, 'Motherboard', 'LENOVO', '7298CTO', '', '2019-06-24', 1, '2019-06-24', 'Working', 'Not For Repair', 'Default Admin', '93'),
(1028, 'GPU', 'NA', '', '', '2019-06-24', 1, '2019-06-24', 'Working', 'Not For Repair', 'Default Admin', '93'),
(1029, 'RAM', 'SAMSUNG', '2 GB DDR2', '11S41A1102ZVJ3LJ9M0L8', '2019-06-24', 1, '2019-06-24', 'Working', 'Not For Repair', 'Default Admin', '93'),
(1030, 'HDD', 'SEAGATE', '160GB', '6RAFJZRB', '2019-06-24', 1, '2019-06-24', 'Working', 'Not For Repair', 'Default Admin', '93'),
(1031, 'Monitor', 'LENOVO', '17inch', 'V307874', '2019-06-24', 1, '2019-06-24', 'Working', 'Not For Repair', 'Default Admin', '94'),
(1032, 'Keyboard', 'LENOVO', '', '0422955', '2019-06-24', 1, '2019-06-24', 'Working', 'Not For Repair', 'Default Admin', '94'),
(1033, 'Mouse', 'LENOVO', '', '44AS5794049', '2019-06-24', 1, '2019-06-24', 'Working', 'Not For Repair', 'Default Admin', '94'),
(1034, 'AVR', 'NA', '', '', '2019-06-24', 1, '2019-06-24', 'Working', 'Not For Repair', 'Default Admin', '94'),
(1035, 'Headset', 'NA', '', '', '2019-06-24', 1, '2019-06-24', 'Working', 'Not For Repair', 'Default Admin', '94'),
(1036, 'CPU', 'INTEL', 'CORE 2', '', '2019-06-24', 1, '2019-06-24', 'Working', 'Not For Repair', 'Default Admin', '94'),
(1037, 'Motherboard', 'LENOVO', '7298CTO', '', '2019-06-24', 1, '2019-06-24', 'Working', 'Not For Repair', 'Default Admin', '94'),
(1038, 'GPU', 'NA', '', '', '2019-06-24', 1, '2019-06-24', 'Working', 'Not For Repair', 'Default Admin', '94'),
(1039, 'RAM', 'SAMSUNG', '2GB', '11S41A1102ZVJ3LJ95M0L8', '2019-06-24', 1, '2019-06-24', 'Working', 'Not For Repair', 'Default Admin', '94'),
(1040, 'HDD', 'SEAGATE', '160GB', '6RAFJZRB', '2019-06-24', 1, '2019-06-24', 'Working', 'Not For Repair', 'Default Admin', '94'),
(1041, 'Monitor', 'LENOVO', '17inch', 'V307874', '2019-06-24', 1, '2019-06-24', 'Working', 'Not For Repair', 'Default Admin', '95'),
(1042, 'Keyboard', 'LENOVO', '', '0422955', '2019-06-24', 1, '2019-06-24', 'Working', 'Not For Repair', 'Default Admin', '95'),
(1043, 'Mouse', 'LENOVO', '', '44AS794049', '2019-06-24', 1, '2019-06-24', 'Working', 'Not For Repair', 'Default Admin', '95'),
(1044, 'AVR', 'NA', '', '', '2019-06-24', 1, '2019-06-24', 'Working', 'Not For Repair', 'Default Admin', '95'),
(1045, 'Headset', 'NA', '', '', '2019-06-24', 1, '2019-06-24', 'Working', 'Not For Repair', 'Default Admin', '95'),
(1046, 'CPU', 'INTEL', 'CORE 2', '', '2019-06-24', 1, '2019-06-24', 'Working', 'Not For Repair', 'Default Admin', '95'),
(1047, 'Motherboard', 'LENOVO', '7298CTO', '', '2019-06-24', 1, '2019-06-24', 'Working', 'Not For Repair', 'Default Admin', '95'),
(1048, 'GPU', 'NA', '', '', '2019-06-24', 1, '2019-06-24', 'Working', 'Not For Repair', 'Default Admin', '95'),
(1049, 'RAM', 'SAMSUNG', '2 GB DDR2', '11S41A1102ZVJ3LJ95M0L87', '2019-06-24', 1, '2019-06-24', 'Working', 'Not For Repair', 'Default Admin', '95'),
(1050, 'HDD', 'SEAGATE', '160GB', '6RAFJZRB', '2019-06-24', 1, '2019-06-24', 'Working', 'Not For Repair', 'Default Admin', '95'),
(1051, 'Monitor', 'LENOVO', '15 inch', 'V307987', '2019-06-24', 1, '2019-06-24', 'Working', 'Not For Repair', 'Default Admin', '125'),
(1052, 'Keyboard', 'LENOVO', '', '015027', '2019-06-24', 1, '2019-06-24', 'Working', 'Not For Repair', 'Default Admin', '125'),
(1053, 'Mouse', 'LENOVO', '', '4418783', '2019-06-24', 1, '2019-06-24', 'Working', 'Not For Repair', 'Default Admin', '125'),
(1054, 'AVR', 'NA', '', 'NA', '2019-06-24', 1, '2019-06-24', 'Working', 'Not For Repair', 'Default Admin', '125'),
(1055, 'Headset', 'NA', 'NA', 'NA', '2019-06-24', 1, '2019-06-24', 'Working', 'Not For Repair', 'Default Admin', '125'),
(1056, 'CPU', 'INTEL', 'i3', 'NA', '2019-06-24', 1, '2019-06-24', 'Working', 'Not For Repair', 'Default Admin', '125'),
(1057, 'Motherboard', 'INTEL LENOVO', '', 'NA', '2019-06-24', 1, '2019-06-24', 'Working', 'Not For Repair', 'Default Admin', '125'),
(1058, 'GPU', 'NA', '', '', '2019-06-24', 1, '2019-06-24', 'Working', 'Not For Repair', 'Default Admin', '125'),
(1059, 'RAM', 'SAMSUNG', '2GB DDR2', '11S41A1102ZVJ3LJ95MOMC', '2019-06-24', 1, '2019-06-24', 'Working', 'Not For Repair', 'Default Admin', '125'),
(1060, 'HDD', 'SEAGATE', '160GB', '6RAFK04K', '2019-06-24', 1, '2019-06-24', 'Working', 'Not For Repair', 'Default Admin', '125'),
(1061, 'Monitor', 'LENOVO', '15INCH', 'V308483', '2019-06-24', 1, '2019-06-24', 'Working', 'Not For Repair', 'Default Admin', '126'),
(1062, 'Keyboard', 'LENOVO', '', '0157233', '2019-06-24', 1, '2019-06-24', 'Working', 'Not For Repair', 'Default Admin', '126'),
(1063, 'Mouse', 'LENOVO', '', '44A5953', '2019-06-24', 1, '0019-06-24', 'Working', 'Not For Repair', 'Default Admin', '126'),
(1064, 'AVR', 'NA', '', 'NA', '2019-06-24', 1, '2019-06-24', 'Working', 'Not For Repair', 'Default Admin', '126'),
(1065, 'Headset', '', '', '', '2019-06-24', 1, '2019-06-24', 'Working', 'Not For Repair', 'Default Admin', '126'),
(1066, 'CPU', 'INTEL', 'i3', 'NA', '2019-06-24', 1, '2019-06-24', 'Working', 'Not For Repair', 'Default Admin', '126'),
(1067, 'Motherboard', 'INTEL LENOVO', '', 'NA', '2019-06-24', 1, '2019-06-24', 'Working', 'Not For Repair', 'Default Admin', '126'),
(1068, 'GPU', 'NA', '', '', '2019-06-24', 1, '2019-06-24', 'Working', 'Not For Repair', 'Default Admin', '126'),
(1069, 'RAM', 'SAMSUNG', '2 GB DDR2', '11S41A1102ZVJ3LJ95MOH7', '2019-06-24', 1, '2019-06-24', 'Working', 'Not For Repair', 'Default Admin', '126'),
(1070, 'HDD', 'SEAGATE', '160GB', '6RAFK2KS', '2019-06-24', 1, '2019-06-24', 'Working', 'Not For Repair', 'Default Admin', '126'),
(1071, 'Monitor', 'LENOVO', '15INCH', 'V307962', '2019-06-24', 1, '2019-06-24', 'Working', 'Not For Repair', 'Default Admin', '127'),
(1072, 'Keyboard', 'LENOVO', '', '0157806', '2019-06-24', 1, '2019-06-24', 'Working', 'Not For Repair', 'Default Admin', '127'),
(1073, 'Mouse', 'LENOVO', '', '44D6908', '2019-06-24', 1, '2019-06-24', 'Working', 'Not For Repair', 'Default Admin', '127'),
(1074, 'AVR', 'NA', '', '', '2019-06-24', 1, '2019-06-24', 'Working', 'Not For Repair', 'Default Admin', '127'),
(1075, 'Headset', '', '', '', '2019-06-24', 1, '2019-06-24', 'Working', 'Not For Repair', 'Default Admin', '127'),
(1076, 'CPU', 'INTEL', 'i3', 'NA', '2019-06-24', 1, '2019-06-24', 'Working', 'Not For Repair', 'Default Admin', '127'),
(1077, 'Motherboard', 'INTEL LENOVO', '', 'NA', '2019-06-24', 1, '2019-06-24', 'Working', 'Not For Repair', 'Default Admin', '127'),
(1078, 'GPU', '', '', '', '2019-06-24', 1, '2019-06-24', 'Working', 'Not For Repair', 'Default Admin', '127'),
(1079, 'RAM', 'SAMSUNG', '2GB', '11SA41A1102ZVJ3LJ95MOHL', '2019-06-24', 1, '2019-06-24', 'Working', 'Not For Repair', 'Default Admin', '127'),
(1080, 'HDD', 'SEAGATE', '160GB', '6RAFK9K5', '2019-06-24', 1, '2019-06-24', 'Working', 'Not For Repair', 'Default Admin', '127'),
(1081, 'Monitor', 'LENOVO', '15', 'V307950', '2019-06-24', 1, '2019-06-24', 'Working', 'Not For Repair', 'Default Admin', '128'),
(1082, 'Keyboard', 'LENOVO', '', '0157806', '2019-06-24', 1, '2019-06-24', 'Working', 'Not For Repair', 'Default Admin', '128'),
(1083, 'Mouse', 'LENOVO', '', '44A5892', '2019-06-24', 1, '2019-06-24', 'Working', 'Not For Repair', 'Default Admin', '128'),
(1084, 'AVR', '', '', '', '2019-06-24', 1, '2019-06-24', 'Working', 'Not For Repair', 'Default Admin', '128'),
(1085, 'Headset', '', '', '', '2019-06-24', 1, '2019-06-24', 'Working', 'Not For Repair', 'Default Admin', '128'),
(1086, 'CPU', 'INTEL', 'i3', 'NA', '2019-06-24', 1, '2019-06-24', 'Working', 'Not For Repair', 'Default Admin', '128'),
(1087, 'Motherboard', 'INTEL LENOVO', '', 'NA', '2019-06-24', 1, '2019-06-24', 'Working', 'Not For Repair', 'Default Admin', '128'),
(1088, 'GPU', '', '', '', '2019-06-24', 1, '2019-06-24', 'Working', 'Not For Repair', 'Default Admin', '128'),
(1089, 'RAM', 'ELPIDA', '2 GB DDR2', '11S41A102ZVJ3HE95T3DQ', '2019-06-24', 1, '2019-06-24', 'Working', 'Not For Repair', 'Default Admin', '128'),
(1090, 'HDD', 'SEAGATE', '160GB', '6RAFK1LC', '2019-06-24', 1, '2019-06-24', 'Working', 'Not For Repair', 'Default Admin', '128'),
(1091, 'Monitor', 'LENOVO', '15', 'V307227', '2019-06-24', 1, '2019-06-24', 'Working', 'Not For Repair', 'Default Admin', '129'),
(1092, 'Keyboard', 'LENOVO', '', '0064538', '2019-06-24', 1, '2019-06-24', 'Working', 'Not For Repair', 'Default Admin', '129'),
(1093, 'Mouse', 'LENOVO', '', '44A5892', '2019-06-24', 1, '2019-06-24', 'Working', 'Not For Repair', 'Default Admin', '129'),
(1094, 'AVR', '', '', '', '2019-06-24', 1, '2019-06-24', 'Working', 'Not For Repair', 'Default Admin', '129'),
(1095, 'Headset', '', '', '', '2019-06-24', 1, '2019-06-24', 'Working', 'Not For Repair', 'Default Admin', '129'),
(1096, 'CPU', 'INTEL', 'i3', 'NA', '2019-06-24', 1, '2019-06-24', 'Working', 'Not For Repair', 'Default Admin', '129'),
(1097, 'Motherboard', 'INTEL LENOVO', '', 'NA', '2019-06-24', 1, '2019-06-24', 'Working', 'Not For Repair', 'Default Admin', '129'),
(1098, 'GPU', '', '', '', '2019-06-24', 1, '2019-06-24', 'Working', 'Not For Repair', 'Default Admin', '129'),
(1099, 'RAM', 'ELPIDA', '2GB DDR2', '11S41102ZVJ3HE95T3DK', '2019-06-24', 1, '2019-06-24', 'Working', 'Not For Repair', 'Default Admin', '129'),
(1100, 'HDD', 'SEAGATE', '160GB', '6RAFK2E3', '2019-06-24', 1, '2019-06-24', 'Working', 'Not For Repair', 'Default Admin', '129'),
(1101, 'Monitor', 'LENOVO', '15', 'V307750', '2019-06-24', 1, '2019-06-24', 'Working', 'Not For Repair', 'Default Admin', '130'),
(1102, 'Keyboard', 'LENOVO', '', '0155793', '2019-06-24', 1, '2019-06-24', 'Working', 'Not For Repair', 'Default Admin', '130'),
(1103, 'Mouse', 'LENOVO', '', '4417903', '2019-06-24', 1, '2019-06-24', 'Working', 'Not For Repair', 'Default Admin', '130'),
(1104, 'AVR', '', '', '', '2019-06-24', 1, '2019-06-24', 'Working', 'Not For Repair', 'Default Admin', '130'),
(1105, 'Headset', '', '', '', '2019-06-24', 1, '2019-06-24', 'Working', 'Not For Repair', 'Default Admin', '130'),
(1106, 'CPU', 'INTEL', 'i3', 'NA', '2019-06-24', 1, '2019-06-24', 'Working', 'Not For Repair', 'Default Admin', '130'),
(1107, 'Motherboard', 'INTEL LENOVO', '', 'NA', '2019-06-24', 1, '2019-06-24', 'Working', 'Not For Repair', 'Default Admin', '130'),
(1108, 'GPU', '', '', '', '2019-06-24', 1, '2019-06-24', 'Working', 'Not For Repair', 'Default Admin', '130'),
(1109, 'RAM', 'ELPIDA', '2 GB DDR2', '11S41A1102ZVJHE95T3DN', '2019-06-24', 1, '2019-06-24', 'Working', 'Not For Repair', 'Default Admin', '130'),
(1110, 'HDD', 'SEAGATE', '160GB', '6RAFJYRP', '2019-06-24', 1, '2019-06-24', 'Working', 'Not For Repair', 'Default Admin', '130'),
(1111, 'Monitor', 'LENOVO', '15', 'V1ZXN99', '2019-06-24', 1, '2019-06-24', 'Working', 'Not For Repair', 'Default Admin', '131'),
(1112, 'Keyboard', 'LENOVO', '', '0152220', '2019-06-24', 1, '2019-06-24', 'Working', 'Not For Repair', 'Default Admin', '131'),
(1113, 'Mouse', 'LENOVO', '', '44F1696', '2019-06-24', 1, '2019-06-24', 'Working', 'Not For Repair', 'Default Admin', '131'),
(1114, 'AVR', '', '', '', '2019-06-24', 1, '2019-06-24', 'Working', 'Not For Repair', 'Default Admin', '131'),
(1115, 'Headset', '', '', '', '2019-06-24', 1, '2019-06-24', 'Working', 'Not For Repair', 'Default Admin', '131'),
(1116, 'CPU', 'INTEL', 'i3', 'NA', '2019-06-24', 1, '2019-06-24', 'Working', 'Not For Repair', 'Default Admin', '131'),
(1117, 'Motherboard', 'INTEL LENOVO', '', 'NA', '2019-06-24', 1, '2019-06-24', 'Working', 'Not For Repair', 'Default Admin', '131'),
(1118, 'GPU', '', '', '', '2019-06-24', 1, '2019-06-24', 'Working', 'Not For Repair', 'Default Admin', '131'),
(1119, 'RAM', 'SAMSUNG', '2 GB DDR2', '11S41A1102ZVJ3LJ95MOLD', '2019-06-24', 1, '2019-06-24', 'Working', 'Not For Repair', 'Default Admin', '131'),
(1120, 'HDD', 'SEAGATE', '160GB', '6RAFK3ZX', '2019-06-24', 1, '2019-06-24', 'Working', 'Not For Repair', 'Default Admin', '131'),
(1121, 'Monitor', 'LENOVO', '15', 'V307979', '2019-06-24', 1, '2019-06-24', 'Working', 'Not For Repair', 'Default Admin', '132'),
(1122, 'Keyboard', 'LENOVO', '', '0149608', '2019-06-24', 1, '2019-06-24', 'Working', 'Not For Repair', 'Default Admin', '132'),
(1123, 'Mouse', 'LENOVO', '', '44A5869', '2019-06-24', 1, '2019-06-24', 'Working', 'Not For Repair', 'Default Admin', '132'),
(1124, 'AVR', '', '', '', '2019-06-24', 1, '2019-06-24', 'Working', 'Not For Repair', 'Default Admin', '132'),
(1125, 'Headset', '', '', '', '2019-06-24', 1, '2019-06-24', 'Working', 'Not For Repair', 'Default Admin', '132'),
(1126, 'CPU', 'INTEL', 'i3', '', '2019-06-24', 1, '2019-06-24', 'Working', 'Not For Repair', 'Default Admin', '132'),
(1127, 'Motherboard', 'INTEL LENOVO', '', 'NA', '2019-06-24', 1, '2019-06-24', 'Working', 'Not For Repair', 'Default Admin', '132'),
(1128, 'GPU', '', '', '', '2019-06-24', 1, '2019-06-24', 'Working', 'Not For Repair', 'Default Admin', '132'),
(1129, 'RAM', 'SAMSUNG', '2 GB DDR2', '11S41A1102ZVJ3L95MOML', '2019-06-24', 1, '2019-06-24', 'Working', 'Not For Repair', 'Default Admin', '132'),
(1130, 'HDD', 'SEAGATE', '160GB', '6RAFJYM8', '2019-06-24', 1, '2019-06-24', 'Working', 'Not For Repair', 'Default Admin', '132'),
(1131, 'Monitor', 'LENOVO', '15', 'V307956', '2019-06-24', 1, '2019-06-24', 'Working', 'Not For Repair', 'Default Admin', '133'),
(1132, 'Keyboard', 'LENOVO', '', '0155719', '2019-06-24', 1, '2019-06-24', 'Working', 'Not For Repair', 'Default Admin', '133'),
(1133, 'Mouse', 'LENOVO', '', '4417926', '2019-06-24', 1, '2019-06-24', 'Working', 'Not For Repair', 'Default Admin', '133'),
(1134, 'AVR', '', '', '', '2019-06-24', 1, '2019-06-24', 'Working', 'Not For Repair', 'Default Admin', '133'),
(1135, 'Headset', '', '', '', '2019-06-24', 1, '2019-06-24', 'Working', 'Not For Repair', 'Default Admin', '133'),
(1136, 'CPU', 'INTEL', 'i3', '', '2019-06-24', 1, '2019-06-24', 'Working', 'Not For Repair', 'Default Admin', '133'),
(1137, 'Motherboard', 'INTEL LENOVO', '', 'NA', '2019-06-24', 1, '2019-06-24', 'Working', 'Not For Repair', 'Default Admin', '133'),
(1138, 'GPU', '', '', '', '2019-06-24', 1, '2019-06-24', 'Working', 'Not For Repair', 'Default Admin', '133'),
(1139, 'RAM', 'SAMSUNG', '2 GB DDR2', '11S41A1102ZVJ3LJ95MOHB', '2019-06-24', 1, '2019-06-24', 'Working', 'Not For Repair', 'Default Admin', '133'),
(1140, 'HDD', 'SEAGATE', '160GB', '6RAFK62Y', '2019-06-24', 1, '2019-06-24', 'Working', 'Not For Repair', 'Default Admin', '133'),
(1141, 'Monitor', 'LENOVO', '15', 'V307764', '2019-06-24', 1, '2019-06-24', 'Working', 'Not For Repair', 'Default Admin', '134'),
(1142, 'Keyboard', 'LENOVO', '', '0064578', '2019-06-24', 1, '2019-06-24', 'Working', 'Not For Repair', 'Default Admin', '134'),
(1143, 'Mouse', 'LENOVO', '', '44D6810', '2019-06-24', 1, '2019-06-24', 'Working', 'Not For Repair', 'Default Admin', '134'),
(1144, 'AVR', '', '', '', '2019-06-24', 1, '2019-06-24', 'Working', 'Not For Repair', 'Default Admin', '134'),
(1145, 'Headset', '', '', '', '2019-06-24', 1, '2019-06-24', 'Working', 'Not For Repair', 'Default Admin', '134'),
(1146, 'CPU', 'INTEL', 'i3', 'NA', '2019-06-24', 1, '2019-06-24', 'Working', 'Not For Repair', 'Default Admin', '134'),
(1147, 'Motherboard', 'INTEL LENOVO', '', 'NA', '2019-06-24', 1, '2019-06-24', 'Working', 'Not For Repair', 'Default Admin', '134'),
(1148, 'GPU', '', '', '', '2019-06-24', 1, '2019-06-24', 'Working', 'Not For Repair', 'Default Admin', '134'),
(1149, 'RAM', 'SAMSUNG', '2 GB DDR2', '11S41A1102ZVJ3LJ95M0HM', '2019-06-24', 1, '2019-06-24', 'Working', 'Not For Repair', 'Default Admin', '134'),
(1150, 'HDD', 'SEAGATE', '160GB', '4X0D4S1', '2019-06-24', 1, '2019-06-24', 'Working', 'Not For Repair', 'Default Admin', '134'),
(1151, 'Monitor', 'LENOVO', '15', 'VC307975', '2019-06-24', 1, '2019-06-24', 'Working', 'Not For Repair', 'Default Admin', '135'),
(1152, 'Keyboard', 'LENOVO', '', '0155827', '2019-06-24', 1, '2019-06-24', 'Working', 'Not For Repair', 'Default Admin', '135'),
(1153, 'Mouse', 'LENOVO', '', '4417908', '2019-06-24', 1, '2019-06-24', 'Working', 'Not For Repair', 'Default Admin', '135'),
(1154, 'AVR', '', '', '', '2019-06-24', 1, '2019-06-24', 'Working', 'Not For Repair', 'Default Admin', '135'),
(1155, 'Headset', '', '', '', '2019-06-24', 1, '2019-06-24', 'Working', 'Not For Repair', 'Default Admin', '135'),
(1156, 'CPU', 'INTEL', 'i3', '', '2019-06-24', 1, '2019-06-24', 'Working', 'Not For Repair', 'Default Admin', '135'),
(1157, 'Motherboard', 'INTEL LENOVO', '', '', '2019-06-24', 1, '2019-06-24', 'Working', 'Not For Repair', 'Default Admin', '135'),
(1158, 'GPU', '', '', '', '2019-06-24', 1, '2019-06-24', 'Working', 'Not For Repair', 'Default Admin', '135'),
(1159, 'RAM', 'ELPIDA', '2 GB DDR2', '11S41A1102ZVJ3HE95T3D6', '2019-06-24', 1, '2019-06-24', 'Working', 'Not For Repair', 'Default Admin', '135'),
(1160, 'HDD', 'SEAGATE', '160GB', '6RAFK1P4', '2019-06-24', 1, '2019-06-24', 'Working', 'Not For Repair', 'Default Admin', '135'),
(1161, 'Monitor', 'LENOVO', '15', 'V308541', '2019-06-24', 1, '2019-06-24', 'Working', 'Not For Repair', 'Default Admin', '136'),
(1162, 'Keyboard', 'LENOVO', '', '0064517', '2019-06-24', 1, '2019-06-24', 'Working', 'Not For Repair', 'Default Admin', '136'),
(1163, 'Mouse', 'LENOVO', '', '44A5863049', '2019-06-24', 1, '2019-06-24', 'Working', 'Not For Repair', 'Default Admin', '136'),
(1164, 'AVR', '', '', '', '2019-06-24', 1, '2019-06-24', 'Working', 'Not For Repair', 'Default Admin', '136'),
(1165, 'Headset', '', '', '', '2019-06-24', 1, '2019-06-24', 'Working', 'Not For Repair', 'Default Admin', '136'),
(1166, 'CPU', 'INTEL', 'i3', '', '2019-06-24', 1, '2019-06-24', 'Working', 'Not For Repair', 'Default Admin', '136'),
(1167, 'Motherboard', 'INTEL LENOVO', '', '', '2019-06-24', 1, '2019-06-24', 'Working', 'Not For Repair', 'Default Admin', '136'),
(1168, 'GPU', '', '', '', '2019-06-24', 1, '2019-06-24', 'Working', 'Not For Repair', 'Default Admin', '136'),
(1169, 'RAM', 'SAMSUNG', '2 GB DDR2', '11S41A1102ZVJ3LJ95M0HT', '2019-06-24', 1, '2019-06-24', 'Working', 'Not For Repair', 'Default Admin', '136'),
(1170, 'HDD', 'SEAGATE', '160GB', '6RAFK0LC', '2019-06-24', 1, '2019-06-24', 'Working', 'Not For Repair', 'Default Admin', '136'),
(1171, 'Monitor', 'LENOVO', '15', 'V307821', '2019-06-24', 1, '2019-06-24', 'Working', 'Not For Repair', 'Default Admin', '137'),
(1172, 'Keyboard', 'LENOVO', '', '0064559', '2019-06-24', 1, '2019-06-24', 'Working', 'Not For Repair', 'Default Admin', '137'),
(1173, 'Mouse', 'LENOVO', '', '44A5863049', '2019-06-24', 1, '2019-06-24', 'Working', 'Not For Repair', 'Default Admin', '137'),
(1174, 'AVR', '', '', '', '2019-06-24', 1, '2019-06-24', 'Working', 'Not For Repair', 'Default Admin', '137'),
(1175, 'Headset', '', '', '', '2019-06-24', 1, '2019-06-24', 'Working', 'Not For Repair', 'Default Admin', '137'),
(1176, 'CPU', 'INTEL', 'i3', '', '2019-06-24', 1, '2019-06-24', 'Working', 'Not For Repair', 'Default Admin', '137'),
(1177, 'Motherboard', 'INTEL LENOVO', '', '', '2019-06-24', 1, '2019-06-24', 'Working', 'Not For Repair', 'Default Admin', '137'),
(1178, 'GPU', '', '', '', '2019-06-24', 1, '2019-06-24', 'Working', 'Not For Repair', 'Default Admin', '137'),
(1179, 'RAM', 'SAMSUNG', '2 GB DDR2', '11S41A1102ZVJ3LJ95MOH4', '2019-06-24', 1, '2019-06-24', 'Working', 'Not For Repair', 'Default Admin', '137'),
(1180, 'HDD', 'SEAGATE', '160GB', '6RAFJZQB', '2019-06-24', 1, '2019-06-24', 'Working', 'Not For Repair', 'Default Admin', '137'),
(1181, 'Monitor', 'LENOVO', '15', 'V308563', '2019-06-24', 1, '2019-06-24', 'Working', 'Not For Repair', 'Default Admin', '138'),
(1182, 'Keyboard', 'LENOVO', '', '00155724', '2019-06-24', 1, '2019-06-24', 'Working', 'Not For Repair', 'Default Admin', '138'),
(1183, 'Mouse', 'LENOVO', '', '4417929059', '2019-06-24', 1, '2019-06-24', 'Working', 'Not For Repair', 'Default Admin', '138'),
(1184, 'AVR', '', '', '', '2019-06-24', 1, '2019-06-24', 'Working', 'Not For Repair', 'Default Admin', '138'),
(1185, 'Headset', '', '', '', '2019-06-24', 1, '2019-06-24', 'Working', 'Not For Repair', 'Default Admin', '138'),
(1186, 'CPU', 'INTEL', 'i3', '', '2019-06-24', 1, '2019-06-24', 'Working', 'Not For Repair', 'Default Admin', '138'),
(1187, 'Motherboard', 'INTEL LENOVO', '', '', '2019-06-24', 1, '2019-06-24', 'Working', 'Not For Repair', 'Default Admin', '138'),
(1188, 'GPU', '', '', '', '2019-06-24', 1, '2019-06-24', 'Working', 'Not For Repair', 'Default Admin', '138'),
(1189, 'RAM', 'ELPIDA', '2 GB DDR2', '11S41A1102ZVJ3HE95T3E1', '2019-06-24', 1, '2019-06-24', 'Working', 'Not For Repair', 'Default Admin', '138'),
(1190, 'HDD', 'SAMSUNG', '160GB', 'S14DJ9BS837844', '2019-06-24', 1, '2019-06-24', 'Working', 'Not For Repair', 'Default Admin', '138'),
(1191, 'Monitor', 'LENOVO', '15', 'V308498', '2019-06-24', 1, '2019-06-24', 'Working', 'Not For Repair', 'Default Admin', '139'),
(1192, 'Keyboard', 'LENOVO', '', '0150261', '2019-06-24', 1, '2019-06-24', 'Working', 'Not For Repair', 'Default Admin', '139'),
(1193, 'Mouse', 'LENOVO', '', '44A5887049', '2019-06-24', 1, '2019-06-24', 'Working', 'Not For Repair', 'Default Admin', '139'),
(1194, 'AVR', '', '', '', '2019-06-24', 1, '2019-06-24', 'Working', 'Not For Repair', 'Default Admin', '139'),
(1195, 'Headset', '', '', '', '2019-06-24', 1, '2019-06-24', 'Working', 'Not For Repair', 'Default Admin', '139'),
(1196, 'CPU', 'INTEL', 'i3', '', '2019-06-24', 1, '2019-06-24', 'Working', 'Not For Repair', 'Default Admin', '139'),
(1197, 'Motherboard', 'INTEL LENOVO', '', '', '2019-06-24', 1, '2019-06-24', 'Working', 'Not For Repair', 'Default Admin', '139'),
(1198, 'GPU', '', '', '', '2019-06-24', 1, '2019-06-24', 'Working', 'Not For Repair', 'Default Admin', '139'),
(1199, 'RAM', 'SAMSUNG', '2 GB DDR2', '11S41A1102ZVJ3LJ95MOHE', '2019-06-24', 1, '2019-06-24', 'Working', 'Not For Repair', 'Default Admin', '139'),
(1200, 'HDD', 'SEAGATE', '160GB', '6RAFK0KY', '2019-06-24', 1, '2019-06-24', 'Working', 'Not For Repair', 'Default Admin', '139'),
(1201, 'Monitor', 'LENOVO', '15', 'V307080', '2019-06-24', 1, '2019-06-24', 'Working', 'Not For Repair', 'Default Admin', '140'),
(1202, 'Keyboard', 'LENOVO', '', '0152041', '2019-06-24', 1, '2019-06-24', 'Working', 'Not For Repair', 'Default Admin', '140'),
(1203, 'Mouse', 'LENOVO', '', '4417939059', '2019-06-24', 1, '2019-06-24', 'Working', 'Not For Repair', 'Default Admin', '140'),
(1204, 'AVR', '', '', '', '2019-06-24', 1, '2019-06-24', 'Working', 'Not For Repair', 'Default Admin', '140'),
(1205, 'Headset', '', '', '', '2019-06-24', 1, '2019-06-24', 'Working', 'Not For Repair', 'Default Admin', '140'),
(1206, 'CPU', 'INTEL', 'i3', '', '2019-06-24', 1, '2019-06-24', 'Working', 'Not For Repair', 'Default Admin', '140'),
(1207, 'Motherboard', 'INTEL LENOVO', '', '', '2019-06-24', 1, '2019-06-24', 'Working', 'Not For Repair', 'Default Admin', '140');
INSERT INTO `peripherals` (`peripheral_id`, `peripheral_type`, `peripheral_brand`, `peripheral_description`, `peripheral_serial_no`, `peripheral_date_purchased`, `peripheral_amount`, `peripheral_date_issued`, `peripheral_condition`, `remarks`, `added_by`, `unit_id`) VALUES
(1208, 'GPU', '', '', '', '2019-06-24', 1, '2019-06-24', 'Working', 'Not For Repair', 'Default Admin', '140'),
(1209, 'RAM', 'SAMSUNG', '2 GB DDR2', '11S41A1102ZVJ3LJ95MOH3', '2019-06-24', 1, '2019-06-24', 'Working', 'Not For Repair', 'Default Admin', '140'),
(1210, 'HDD', 'SEAGATE', '160GB', '6RAFK3AZ', '2019-06-24', 1, '2019-06-24', 'Working', 'Not For Repair', 'Default Admin', '140'),
(1211, 'Monitor', 'LENOVO', '15', 'V304484', '2019-06-24', 1, '2019-06-24', 'Working', 'Not For Repair', 'Default Admin', '141'),
(1212, 'Keyboard', 'LENOVO', '', '0155516', '2019-06-24', 1, '2019-06-24', 'Working', 'Not For Repair', 'Default Admin', '141'),
(1213, 'Mouse', 'LENOVO', '', '44F8064049', '2019-06-24', 1, '2019-06-24', 'Working', 'Not For Repair', 'Default Admin', '141'),
(1214, 'AVR', '', '', '', '2019-06-24', 1, '2019-06-24', 'Working', 'Not For Repair', 'Default Admin', '141'),
(1215, 'Headset', '', '', '', '2019-06-24', 1, '2019-06-24', 'Working', 'Not For Repair', 'Default Admin', '141'),
(1216, 'CPU', 'INTEL', 'i3', '', '2019-06-24', 1, '2019-06-24', 'Working', 'Not For Repair', 'Default Admin', '141'),
(1217, 'Motherboard', 'INTEL LENOVO', '', '', '2019-06-24', 1, '2019-06-24', 'Working', 'Not For Repair', 'Default Admin', '141'),
(1218, 'GPU', '', '', '', '2019-06-24', 1, '2019-06-24', 'Working', 'Not For Repair', 'Default Admin', '141'),
(1219, 'RAM', 'ELPIDA', '2 GB DDR2', '11S41A1102ZVJ3HE95T3E5', '2019-06-24', 1, '2019-06-24', 'Working', 'Not For Repair', 'Default Admin', '141'),
(1220, 'HDD', 'SEAGATE', '160GB', '6RAFK3HV', '2019-06-24', 1, '2019-06-24', 'Working', 'Not For Repair', 'Default Admin', '141'),
(1221, 'Monitor', 'LENOVO', '15', 'V307772', '2019-06-24', 1, '2019-06-24', 'Working', 'Not For Repair', 'Default Admin', '142'),
(1222, 'Keyboard', 'LENOVO', '', '0151798', '2019-06-24', 1, '2019-06-24', 'Working', 'Not For Repair', 'Default Admin', '142'),
(1223, 'Mouse', 'LENOVO', '', '44F2068049', '2019-06-24', 1, '2019-06-24', 'Working', 'Not For Repair', 'Default Admin', '142'),
(1224, 'AVR', '', '', '', '2019-06-24', 1, '2019-06-24', 'Working', 'Not For Repair', 'Default Admin', '142'),
(1225, 'Headset', '', '', '', '2019-06-24', 1, '2019-06-24', 'Working', 'Not For Repair', 'Default Admin', '142'),
(1226, 'CPU', 'INTEL', 'i3', '', '2019-06-24', 1, '2019-06-24', 'Working', 'Not For Repair', 'Default Admin', '142'),
(1227, 'Motherboard', 'INTEL LENOVO', '', '', '2019-06-24', 1, '2019-06-24', 'Working', 'Not For Repair', 'Default Admin', '142'),
(1228, 'GPU', '', '', '', '2019-06-24', 1, '2019-06-24', 'Working', 'Not For Repair', 'Default Admin', '142'),
(1229, 'RAM', 'SAMSUNG', '2 GB DDR2', '11S41A1102ZVJ3J95M0KO', '2019-06-24', 1, '2019-06-24', 'Working', 'Not For Repair', 'Default Admin', '142'),
(1230, 'HDD', 'SEAGATE', '160GB', '6RAFGWCL', '2019-06-24', 1, '2019-06-24', 'Working', 'Not For Repair', 'Default Admin', '142'),
(1231, 'Monitor', 'LENOVO', '15', 'V307748', '2019-06-24', 1, '2019-06-24', 'Working', 'Not For Repair', 'Default Admin', '143'),
(1232, 'Keyboard', 'LENOVO', '', '0064563', '2019-06-24', 1, '2019-06-24', 'Working', 'Not For Repair', 'Default Admin', '143'),
(1233, 'Mouse', 'LENOVO', '', '44A5880049', '2019-06-24', 1, '2019-06-24', 'Working', 'Not For Repair', 'Default Admin', '143'),
(1234, 'AVR', '', '', '', '2019-06-24', 1, '2019-06-24', 'Working', 'Not For Repair', 'Default Admin', '143'),
(1235, 'Headset', '', '', '', '2019-06-24', 1, '2019-06-24', 'Working', 'Not For Repair', 'Default Admin', '143'),
(1236, 'CPU', 'INTEL', 'i3', '', '2019-06-24', 1, '2019-06-24', 'Working', 'Not For Repair', 'Default Admin', '143'),
(1237, 'Motherboard', 'INTEL LENOVO', '', '', '2019-06-24', 1, '2019-06-24', 'Working', 'Not For Repair', 'Default Admin', '143'),
(1238, 'GPU', '', '', '', '2019-06-24', 1, '2019-06-24', 'Working', 'Not For Repair', 'Default Admin', '143'),
(1239, 'RAM', 'ELPIDA', '2 GB DDR2', '11S4A1102ZVJ3HE95T3EA', '2019-06-24', 1, '2019-06-24', 'Working', 'Not For Repair', 'Default Admin', '143'),
(1240, 'HDD', 'SEAGATE', '160GB', '6RAFKOJV', '2019-06-24', 1, '2019-06-24', 'Working', 'Not For Repair', 'Default Admin', '143'),
(1241, 'Monitor', 'LENOVO', '15', 'V307736', '2019-06-24', 1, '2019-06-24', 'Working', 'Not For Repair', 'Default Admin', '144'),
(1242, 'Keyboard', 'LENOVO', '', '151791', '2019-06-24', 1, '2019-06-24', 'Working', 'Not For Repair', 'Default Admin', '144'),
(1243, 'Mouse', 'LENOVO', '', '4411986059', '2019-06-24', 1, '2019-06-24', 'Working', 'Not For Repair', 'Default Admin', '144'),
(1244, 'AVR', '', '', '', '2019-06-24', 1, '2019-06-24', 'Working', 'Not For Repair', 'Default Admin', '144'),
(1245, 'Headset', '', '', '', '2019-06-24', 1, '2019-06-24', 'Working', 'Not For Repair', 'Default Admin', '144'),
(1246, 'CPU', 'INTEL', 'i3', '', '2019-06-24', 1, '2019-06-24', 'Working', 'Not For Repair', 'Default Admin', '144'),
(1247, 'Motherboard', 'INTEL LENOVO', '', '', '2019-06-24', 1, '2019-06-24', 'Working', 'Not For Repair', 'Default Admin', '144'),
(1248, 'GPU', '', '', '', '2019-06-24', 1, '2019-06-24', 'Working', 'Not For Repair', 'Default Admin', '144'),
(1249, 'RAM', 'ELPIDA', '2 GB DDR2', '11541A1102ZVJ3HE95T3CX', '2019-06-24', 1, '2019-06-24', 'Working', 'Not For Repair', 'Default Admin', '144'),
(1250, 'HDD', 'SEAGATE', '160GB', '6RAFK39R', '2019-06-24', 1, '2019-06-24', 'Working', 'Not For Repair', 'Default Admin', '144'),
(1251, 'Monitor', 'LENOVO', '15', 'V307145', '2019-06-24', 1, '2019-06-24', 'Working', 'Not For Repair', 'Default Admin', '145'),
(1252, 'Keyboard', 'LENOVO', '', '152279', '2019-06-24', 1, '2019-06-24', 'Working', 'Not For Repair', 'Default Admin', '145'),
(1253, 'Mouse', 'LENOVO', '', '4411978059', '2019-06-24', 1, '2019-06-24', 'Working', 'Not For Repair', 'Default Admin', '145'),
(1254, 'AVR', '', '', '', '2019-06-24', 1, '2019-06-24', 'Working', 'Not For Repair', 'Default Admin', '145'),
(1255, 'Headset', '', '', '', '2019-06-24', 1, '2019-06-24', 'Working', 'Not For Repair', 'Default Admin', '145'),
(1256, 'CPU', 'INTEL', 'i3', '', '2019-06-24', 1, '2019-06-24', 'Working', 'Not For Repair', 'Default Admin', '145'),
(1257, 'Motherboard', 'INTEL LENOVO', '', '', '2019-06-24', 1, '2019-06-24', 'Working', 'Not For Repair', 'Default Admin', '145'),
(1258, 'GPU', '', '', '', '2019-06-24', 1, '2019-06-24', 'Working', 'Not For Repair', 'Default Admin', '145'),
(1259, 'RAM', 'SAMSUNG', '2 GB DDR2', '1S141A1102ZVJ3L95MOHZ', '2019-06-24', 1, '2019-06-24', 'Working', 'Not For Repair', 'Default Admin', '145'),
(1260, 'HDD', 'SEAGATE', '160GB', '6RAFJZP9', '2019-06-24', 1, '2019-06-24', 'Working', 'Not For Repair', 'Default Admin', '145'),
(1261, 'Monitor', 'LENOVO', '15', 'V307990', '2019-06-24', 1, '2019-06-24', 'Working', 'Not For Repair', 'Default Admin', '146'),
(1262, 'Keyboard', 'LENOVO', '', '0064539', '2019-06-24', 1, '2019-06-24', 'Working', 'Not For Repair', 'Default Admin', '146'),
(1263, 'Mouse', 'LENOVO', '', '44A5954049', '2019-06-24', 1, '2019-06-24', 'Working', 'Not For Repair', 'Default Admin', '146'),
(1264, 'AVR', '', '', '', '2019-06-24', 1, '2019-06-24', 'Working', 'Not For Repair', 'Default Admin', '146'),
(1265, 'Headset', '', '', '', '2019-06-24', 1, '2019-06-24', 'Working', 'Not For Repair', 'Default Admin', '146'),
(1266, 'CPU', 'INTEL', 'i3', '', '2019-06-24', 1, '2019-06-24', 'Working', 'Not For Repair', 'Default Admin', '146'),
(1267, 'Motherboard', 'INTEL LENOVO', '', '', '2019-06-24', 1, '2019-06-24', 'Working', 'Not For Repair', 'Default Admin', '146'),
(1268, 'GPU', '', '', '', '2019-06-24', 1, '2019-06-24', 'Working', 'Not For Repair', 'Default Admin', '146'),
(1269, 'RAM', 'ELPIDA', '2 GB DDR2', '11S41102ZVJHELJ95T3DW', '2019-06-24', 1, '2019-06-24', 'Working', 'Not For Repair', 'Default Admin', '146'),
(1270, 'HDD', 'SEAGATE', '160GB', '6RAFJ2QD', '2019-06-24', 1, '2019-06-24', 'Working', 'Not For Repair', 'Default Admin', '146'),
(1271, 'Monitor', 'LENOVO', '15', 'V308551', '2019-06-24', 1, '2019-06-24', 'Working', 'Not For Repair', 'Default Admin', '147'),
(1272, 'Keyboard', 'LENOVO', '', '0155656', '2019-06-24', 1, '2019-06-24', 'Working', 'Not For Repair', 'Default Admin', '147'),
(1273, 'Mouse', 'LENOVO', '', '4417893059', '2019-06-24', 1, '2019-06-24', 'Working', 'Not For Repair', 'Default Admin', '147'),
(1274, 'AVR', '', '', '', '2019-06-24', 1, '2019-06-24', 'Working', 'Not For Repair', 'Default Admin', '147'),
(1275, 'Headset', '', '', '', '2019-06-24', 1, '2019-06-24', 'Working', 'Not For Repair', 'Default Admin', '147'),
(1276, 'CPU', 'INTEL', 'i3', '', '2019-06-24', 1, '2019-06-24', 'Working', 'Not For Repair', 'Default Admin', '147'),
(1277, 'Motherboard', 'INTEL LENOVO', '', '', '2019-06-24', 1, '2019-06-24', 'Working', 'Not For Repair', 'Default Admin', '147'),
(1278, 'GPU', '', '', '', '2019-06-24', 1, '2019-06-24', 'Working', 'Not For Repair', 'Default Admin', '147'),
(1279, 'RAM', 'ELPIDA', '2 GB DDR2', '11S41A1102ZVJ3LJ95T3DS', '2019-06-24', 1, '2019-06-24', 'Working', 'Not For Repair', 'Default Admin', '147'),
(1280, 'HDD', 'SEAGATE', '160GB', '6RAFK330', '2019-06-24', 1, '2019-06-24', 'Working', 'Not For Repair', 'Default Admin', '147'),
(1281, 'Monitor', 'LENOVO', '15', 'V308551', '2019-06-24', 1, '2019-06-24', 'Working', 'Not For Repair', 'Default Admin', '148'),
(1282, 'Keyboard', 'LENOVO', '', '0064561', '2019-06-24', 1, '2019-06-24', 'Working', 'Not For Repair', 'Default Admin', '148'),
(1283, 'Mouse', 'LENOVO', '', '44A5864049', '2019-06-24', 1, '2019-06-24', 'Working', 'Not For Repair', 'Default Admin', '148'),
(1284, 'AVR', '', '', '', '2019-06-24', 1, '2019-06-24', 'Working', 'Not For Repair', 'Default Admin', '148'),
(1285, 'Headset', '', '', '', '2019-06-24', 1, '2019-06-24', 'Working', 'Not For Repair', 'Default Admin', '148'),
(1286, 'CPU', 'INTEL', 'i3', '', '2019-06-24', 1, '2019-06-24', 'Working', 'Not For Repair', 'Default Admin', '148'),
(1287, 'Motherboard', 'INTEL LENOVO', '', '', '2019-06-24', 1, '2019-06-24', 'Working', 'Not For Repair', 'Default Admin', '148'),
(1288, 'GPU', '', '', '', '2019-06-24', 1, '2019-06-24', 'Working', 'Not For Repair', 'Default Admin', '148'),
(1289, 'RAM', 'ELPIDA', '2 GB DDR2', '11S41A1102ZVJ3HE95T3DE', '2019-06-24', 1, '2019-06-24', 'Working', 'Not For Repair', 'Default Admin', '148'),
(1290, 'HDD', 'SEAGATE', '160GB', '6RAFKIMB', '2019-06-24', 1, '2019-06-24', 'Working', 'Not For Repair', 'Default Admin', '148'),
(1291, 'Monitor', 'LENOVO', '15', 'V307986', '2019-06-24', 1, '2019-06-24', 'Working', 'Not For Repair', 'Default Admin', '149'),
(1292, 'Keyboard', 'LENOVO', '', '0155780', '2019-06-24', 1, '2019-06-24', 'Working', 'Not For Repair', 'Default Admin', '149'),
(1293, 'Mouse', 'LENOVO', '', '4411977059', '2019-06-24', 1, '2019-06-24', 'Working', 'Not For Repair', 'Default Admin', '149'),
(1294, 'AVR', '', '', '', '2019-06-24', 1, '2019-06-24', 'Working', 'Not For Repair', 'Default Admin', '149'),
(1295, 'Headset', '', '', '', '2019-06-24', 1, '2019-06-24', 'Working', 'Not For Repair', 'Default Admin', '149'),
(1296, 'CPU', 'INTEL', 'i3', '', '2019-06-24', 1, '2019-06-24', 'Working', 'Not For Repair', 'Default Admin', '149'),
(1297, 'Motherboard', 'INTEL LENOVO', '', '', '2019-06-24', 1, '2019-06-24', 'Working', 'Not For Repair', 'Default Admin', '149'),
(1298, 'GPU', '', '', '', '2019-06-24', 1, '2019-06-24', 'Working', 'Not For Repair', 'Default Admin', '149'),
(1299, 'RAM', 'ELPIDA', '2 GB DDR2', '11S41A1102ZJHE96T3EC', '2019-06-24', 1, '2019-06-24', 'Working', 'Not For Repair', 'Default Admin', '149'),
(1300, 'HDD', 'SEAGATE', '160GB', '6RAFK258', '2019-06-24', 1, '2019-06-24', 'Working', 'Not For Repair', 'Default Admin', '149'),
(1301, 'Monitor', 'LENOVO', '15', 'V307780', '2019-06-24', 1, '2019-06-24', 'Working', 'Not For Repair', 'Default Admin', '150'),
(1302, 'Keyboard', 'LENOVO', '', '0152134', '2019-06-24', 1, '2019-06-24', 'Working', 'Not For Repair', 'Default Admin', '150'),
(1303, 'Mouse', 'LENOVO', '', '4417925049', '2019-06-24', 1, '2019-06-24', 'Working', 'Not For Repair', 'Default Admin', '150'),
(1304, 'AVR', '', '', '', '2019-06-24', 1, '2019-06-24', 'Working', 'Not For Repair', 'Default Admin', '150'),
(1305, 'Headset', '', '', '', '2019-06-24', 1, '2019-06-24', 'Working', 'Not For Repair', 'Default Admin', '150'),
(1306, 'CPU', 'INTEL', '', '', '2019-06-24', 1, '2019-06-24', 'Working', 'Not For Repair', 'Default Admin', '150'),
(1307, 'Motherboard', 'INTEL LENOVO', '', '', '2019-06-24', 1, '2019-06-24', 'Working', 'Not For Repair', 'Default Admin', '150'),
(1308, 'GPU', '', '', '', '2019-06-24', 1, '2019-06-24', 'Working', 'Not For Repair', 'Default Admin', '150'),
(1309, 'RAM', 'SAMSUNG', '2 GB DDR2', '11S41A1102VJ3LJ95MOHW', '2019-06-24', 1, '2019-06-24', 'Working', 'Not For Repair', 'Default Admin', '150'),
(1310, 'HDD', 'SEAGATE', '160GB', '5RA73D3Y', '2019-06-24', 1, '2019-06-24', 'Working', 'Not For Repair', 'Default Admin', '150'),
(1311, 'Monitor', 'LENOVO', '15', 'V307744', '2019-06-24', 1, '2019-06-24', 'Working', 'Not For Repair', 'Default Admin', '151'),
(1312, 'Keyboard', 'LENOVO', '', '0064521', '2019-06-24', 1, '2019-06-24', 'Working', 'Not For Repair', 'Default Admin', '151'),
(1313, 'Mouse', 'LENOVO', '', '44A5964049', '2019-06-24', 1, '2019-06-24', 'Working', 'Not For Repair', 'Default Admin', '151'),
(1314, 'AVR', '', '', '', '2019-06-24', 1, '2019-06-24', 'Working', 'Not For Repair', 'Default Admin', '151'),
(1315, 'Headset', '', '', '', '2019-06-24', 1, '2019-06-24', 'Working', 'Not For Repair', 'Default Admin', '151'),
(1316, 'CPU', 'INTEL', 'i3', '', '2019-06-24', 1, '2019-06-24', 'Working', 'Not For Repair', 'Default Admin', '151'),
(1317, 'Motherboard', 'INTEL LENOVO', '', '', '2019-06-24', 1, '2019-06-24', 'Working', 'Not For Repair', 'Default Admin', '151'),
(1318, 'GPU', '', '', '', '2019-06-24', 1, '2019-06-24', 'Working', 'Not For Repair', 'Default Admin', '151'),
(1319, 'RAM', 'ELPIDA', '2 GB DDR2', '11S41A1102ZVJ3LJ95T3D3', '2019-06-24', 1, '2019-06-24', 'Working', 'Not For Repair', 'Default Admin', '151'),
(1320, 'HDD', 'SEAGATE', '160GB', '6RAFJZR3', '2019-06-24', 1, '2019-06-24', 'Working', 'Not For Repair', 'Default Admin', '151'),
(1321, 'Monitor', 'LENOVO', '15', 'V308551', '2019-06-24', 1, '2019-06-24', 'Working', 'Not For Repair', 'Default Admin', '152'),
(1322, 'Keyboard', 'LENOVO', '', '0151789', '2019-06-24', 1, '2019-06-24', 'Working', 'Not For Repair', 'Default Admin', '152'),
(1323, 'Mouse', 'LENOVO', '', '4411946059', '2019-06-24', 1, '2019-06-24', 'Working', 'Not For Repair', 'Default Admin', '152'),
(1324, 'AVR', '', '', '', '2019-06-24', 1, '2019-06-24', 'Working', 'Not For Repair', 'Default Admin', '152'),
(1325, 'Headset', '', '', '', '2019-06-24', 1, '2019-06-24', 'Working', 'Not For Repair', 'Default Admin', '152'),
(1326, 'CPU', 'INTEL', 'i3', '', '2019-06-24', 1, '2019-06-24', 'Working', 'Not For Repair', 'Default Admin', '152'),
(1327, 'Motherboard', 'INTEL LENOVO', '', '', '2019-06-24', 1, '2019-06-24', 'Working', 'Not For Repair', 'Default Admin', '152'),
(1328, 'GPU', '', '', '', '2019-06-24', 1, '2019-06-24', 'Working', 'Not For Repair', 'Default Admin', '152'),
(1329, 'RAM', 'ELPIDA', '2 GB DDR2', '11S41A1102ZVJ3HE95T3E3', '2019-06-24', 1, '2019-06-24', 'Working', 'Not For Repair', 'Default Admin', '152'),
(1330, 'HDD', 'SEAGATE', '160GB', '6RAFK2CA', '2019-06-24', 1, '2019-06-24', 'Working', 'Not For Repair', 'Default Admin', '152'),
(1331, 'Monitor', 'LENOVO', '15', 'V307013', '2019-02-24', 1, '2019-06-24', 'Working', 'Not For Repair', 'Default Admin', '153'),
(1332, 'Keyboard', 'LENOVO', '', '0154688', '2019-02-24', 1, '2019-06-24', 'Working', 'Not For Repair', 'Default Admin', '153'),
(1333, 'Mouse', 'LENOVO', '', '4411980059', '2019-06-24', 1, '2019-06-24', 'Working', 'Not For Repair', 'Default Admin', '153'),
(1334, 'AVR', '', '', '', '2019-06-24', 1, '2019-06-24', 'Working', 'Not For Repair', 'Default Admin', '153'),
(1335, 'Headset', '', '', '', '2019-06-24', 1, '2019-06-24', 'Working', 'Not For Repair', 'Default Admin', '153'),
(1336, 'CPU', 'INTEL', 'i3', '', '2019-06-24', 1, '2019-06-24', 'Working', 'Not For Repair', 'Default Admin', '153'),
(1337, 'Motherboard', 'INTEL LENOVO', '', '', '2019-06-24', 1, '2019-06-24', 'Working', 'Not For Repair', 'Default Admin', '153'),
(1338, 'GPU', '', '', '', '2019-06-24', 1, '2019-06-24', 'Working', 'Not For Repair', 'Default Admin', '153'),
(1339, 'RAM', 'SAMSUNG', '2 GB DDR2', '11S41A1102ZVJ3LJ95MOSK', '2019-06-24', 1, '2019-06-24', 'Working', 'Not For Repair', 'Default Admin', '153'),
(1340, 'HDD', 'SEAGATE', '160GB', '6RAFK2CA', '2019-06-24', 1, '2019-06-24', 'Working', 'Not For Repair', 'Default Admin', '153'),
(1341, 'Monitor', 'LENOVO', '15', 'V307760', '2019-06-24', 1, '2019-06-24', 'Working', 'Not For Repair', 'Default Admin', '154'),
(1342, 'Keyboard', 'A4TECH', '', 'KRS-85', '2019-06-24', 1, '2019-06-24', 'Working', 'Not For Repair', 'Default Admin', '154'),
(1343, 'Mouse', 'A4TECH', '', 'OP-720', '2019-06-24', 1, '2019-06-24', 'Working', 'Not For Repair', 'Default Admin', '154'),
(1344, 'AVR', '', '', '', '2019-06-24', 1, '2019-06-24', 'Working', 'Not For Repair', 'Default Admin', '154'),
(1345, 'Headset', '', '', '', '2019-06-24', 1, '2019-06-24', 'Working', 'Not For Repair', 'Default Admin', '154'),
(1346, 'CPU', 'INTEL', 'i3', '', '2019-06-24', 1, '2019-06-24', 'Working', 'Not For Repair', 'Default Admin', '154'),
(1347, 'Motherboard', 'INTEL LENOVO', '', '', '2019-06-24', 1, '2019-06-24', 'Working', 'Not For Repair', 'Default Admin', '154'),
(1348, 'GPU', '', '', '', '2019-06-24', 1, '2019-06-24', 'Working', 'Not For Repair', 'Default Admin', '154'),
(1349, 'RAM', 'ELPIDA', '2 GB DDR2', '11S41A1102ZVJ3LJ95T3DM', '2019-06-24', 1, '2019-06-24', 'Working', 'Not For Repair', 'Default Admin', '154'),
(1350, 'HDD', 'SEAGATE', '160GB', '6RAFKINQ', '2019-06-24', 1, '2019-06-24', 'Working', 'Not For Repair', 'Default Admin', '154'),
(1351, 'Monitor', 'LENOVO', '15', 'V308480', '2019-06-24', 1, '2019-06-24', 'Working', 'Not For Repair', 'Default Admin', '155'),
(1352, 'Keyboard', 'LENOVO', '', '0155712', '2019-06-24', 1, '2019-06-24', 'Working', 'Not For Repair', 'Default Admin', '155'),
(1353, 'Mouse', 'LENOVO', '', '4417896059', '2019-06-24', 1, '2019-06-24', 'Working', 'Not For Repair', 'Default Admin', '155'),
(1354, 'AVR', '', '', '', '2019-06-24', 1, '2019-06-24', 'Working', 'Not For Repair', 'Default Admin', '155'),
(1355, 'Headset', '', '', '', '2019-06-24', 1, '2019-06-24', 'Working', 'Not For Repair', 'Default Admin', '155'),
(1356, 'CPU', 'INTEL', 'i3', '', '2019-06-24', 1, '2019-06-24', 'Working', 'Not For Repair', 'Default Admin', '155'),
(1357, 'Motherboard', 'INTEL LENOVO', '', '', '2019-06-24', 1, '2019-06-24', 'Working', 'Not For Repair', 'Default Admin', '155'),
(1358, 'GPU', '', '', '', '2019-06-24', 1, '2019-06-24', 'Working', 'Not For Repair', 'Default Admin', '155'),
(1359, 'RAM', 'SAMSUNG', '2 GB DDR2', '11S41A1102ZVJ3LJ95MOPA', '2019-06-24', 1, '2019-06-24', 'Working', 'Not For Repair', 'Default Admin', '155'),
(1360, 'HDD', 'SEAGATE', '160GB', '6RAFJYL4', '2019-06-24', 1, '2019-06-24', 'Working', 'Not For Repair', 'Default Admin', '155'),
(1361, 'Monitor', 'LENOVO', '15', 'V307013', '2019-06-24', 1, '2019-06-24', 'Working', 'Not For Repair', 'Default Admin', '156'),
(1362, 'Keyboard', 'LENOVO', '', '0154688', '2019-06-24', 1, '2019-06-24', 'Working', 'Not For Repair', 'Default Admin', '156'),
(1363, 'Mouse', 'LENOVO', '', '441198059', '2019-06-24', 1, '2019-06-24', 'Working', 'Not For Repair', 'Default Admin', '156'),
(1364, 'AVR', '', '', '', '2019-06-24', 1, '2019-06-24', 'Working', 'Not For Repair', 'Default Admin', '156'),
(1365, 'Headset', '', '', '', '2019-06-24', 1, '2019-06-24', 'Working', 'Not For Repair', 'Default Admin', '156'),
(1366, 'CPU', 'INTEL', 'i3', '', '2019-06-24', 1, '2019-06-24', 'Working', 'Not For Repair', 'Default Admin', '156'),
(1367, 'Motherboard', 'INTEL LENOVO', '', '', '2019-06-24', 1, '2019-06-24', 'Working', 'Not For Repair', 'Default Admin', '156'),
(1368, 'GPU', '', '', '', '2019-06-24', 1, '2019-06-24', 'Working', 'Not For Repair', 'Default Admin', '156'),
(1369, 'RAM', 'SAMSUNG', '2 GB DDR2', '11S41A1102ZVJ3LJ95MOSK', '2019-06-24', 1, '2019-06-24', 'Working', 'Not For Repair', 'Default Admin', '156'),
(1370, 'HDD', 'SEAGATE', '160GB', '6RAFK2CA', '2019-06-24', 1, '2019-06-24', 'Working', 'Not For Repair', 'Default Admin', '156'),
(1371, 'Monitor', 'LENOVO', '15', 'V307744', '2019-06-24', 1, '2019-06-24', 'Working', 'Not For Repair', 'Default Admin', '157'),
(1372, 'Keyboard', 'LENOVO', '', '0064521', '2019-06-24', 1, '2019-02-06', 'Working', 'Not For Repair', 'Default Admin', '157'),
(1373, 'Mouse', 'LENOVO', '', '44A5964049', '2019-06-24', 1, '2019-06-24', 'Working', 'Not For Repair', 'Default Admin', '157'),
(1374, 'AVR', '', '', '', '2019-06-24', 1, '2019-06-24', 'Working', 'Not For Repair', 'Default Admin', '157'),
(1375, 'Headset', '', '', '', '2019-06-24', 1, '2019-06-24', 'Working', 'Not For Repair', 'Default Admin', '157'),
(1376, 'CPU', 'INTEL', 'i3', '', '2019-06-24', 1, '2019-06-24', 'Working', 'Not For Repair', 'Default Admin', '157'),
(1377, 'Motherboard', 'INTEL LENOVO', '', '', '2019-06-24', 1, '2019-06-24', 'Working', 'Not For Repair', 'Default Admin', '157'),
(1378, 'GPU', '', '', '', '2019-06-24', 1, '2019-06-24', 'Working', 'Not For Repair', 'Default Admin', '157'),
(1379, 'RAM', 'ELPIDA', '2 GB DDR2', '11S41A1102ZVJ3LJ95MOH3', '2019-06-24', 1, '2019-06-24', 'Working', 'Not For Repair', 'Default Admin', '157'),
(1380, 'HDD', 'SEAGATE', '160GB', '6RAFJZR3', '2019-06-24', 1, '2019-06-24', 'Working', 'Not For Repair', 'Default Admin', '157'),
(1381, 'Monitor', 'LENOVO', '15', 'V307080', '2019-06-24', 1, '2019-06-24', 'Working', 'Not For Repair', 'Default Admin', '158'),
(1382, 'Keyboard', 'LENOVO', '', '0152041', '2019-06-24', 1, '2019-06-24', 'Working', 'Not For Repair', 'Default Admin', '158'),
(1383, 'Mouse', 'LENOVO', '', '4417939059', '2019-06-24', 1, '2019-06-24', 'Working', 'Not For Repair', 'Default Admin', '158'),
(1384, 'AVR', '', '', '', '2019-06-24', 1, '2019-06-24', 'Working', 'Not For Repair', 'Default Admin', '158'),
(1385, 'Headset', '', '', '', '2019-06-24', 1, '2019-06-24', 'Working', 'Not For Repair', 'Default Admin', '158'),
(1386, 'CPU', 'INTEL', 'i3', '', '2019-06-24', 1, '2019-06-24', 'Working', 'Not For Repair', 'Default Admin', '158'),
(1387, 'Motherboard', 'INTEL LENOVO', '', '', '2019-06-24', 1, '2019-06-24', 'Working', 'Not For Repair', 'Default Admin', '158'),
(1388, 'GPU', '', '', '', '2019-06-24', 1, '2019-06-24', 'Working', 'Not For Repair', 'Default Admin', '158'),
(1389, 'RAM', 'SAMSUNG', '2 GB DDR2', '11S41A1102ZVJ3LJ95MOHW', '2019-06-24', 1, '2019-06-24', 'Working', 'Not For Repair', 'Default Admin', '158'),
(1390, 'HDD', 'SEAGATE', '160GB', '6RAFK3AZ', '2019-06-24', 1, '2019-06-24', 'Working', 'Not For Repair', 'Default Admin', '158'),
(1391, 'Monitor', 'LENOVO', '15', 'V307780', '2019-06-24', 1, '2019-06-24', 'Working', 'Not For Repair', 'Default Admin', '159'),
(1392, 'Keyboard', 'LENOVO', '', '0152134', '2019-06-24', 1, '2019-06-24', 'Working', 'Not For Repair', 'Default Admin', '159'),
(1393, 'Mouse', 'LENOVO', '', '4417925049', '2019-06-24', 1, '2019-06-24', 'Working', 'Not For Repair', 'Default Admin', '159'),
(1394, 'AVR', '', '', '', '2019-06-24', 1, '2019-06-24', 'Working', 'Not For Repair', 'Default Admin', '159'),
(1395, 'Headset', '', '', '', '2019-06-24', 1, '2019-06-24', 'Working', 'Not For Repair', 'Default Admin', '159'),
(1396, 'CPU', 'INTEL', 'i3', '', '2019-06-24', 1, '2019-06-24', 'Working', 'Not For Repair', 'Default Admin', '159'),
(1397, 'Motherboard', 'INTEL LENOVO', '', '', '2019-06-24', 1, '2019-06-24', 'Working', 'Not For Repair', 'Default Admin', '159'),
(1398, 'GPU', '', '', '', '2019-06-24', 1, '2019-06-24', 'Working', 'Not For Repair', 'Default Admin', '159'),
(1399, 'RAM', 'SAMSUNG', '2 GB DDR2', '11S41A1102ZVJ3LJMOHW', '2019-06-24', 1, '2019-06-24', 'Working', 'Not For Repair', 'Default Admin', '159'),
(1400, 'HDD', 'SEAGATE', '160GB', '5RA73D3Y', '2019-06-24', 1, '2019-06-24', 'Working', 'Not For Repair', 'Default Admin', '159'),
(1401, 'Monitor', 'LENOVO', '15', 'V307780', '2019-06-24', 1, '2019-06-24', 'Working', 'Not For Repair', 'Default Admin', '160'),
(1402, 'Keyboard', 'LENOVO', '', '0152134', '2019-06-24', 1, '2019-06-24', 'Working', 'Not For Repair', 'Default Admin', '160'),
(1403, 'Mouse', 'LENOVO', '', '4417925049', '2019-06-24', 1, '2019-06-24', 'Working', 'Not For Repair', 'Default Admin', '160'),
(1404, 'AVR', '', '', '', '2019-06-24', 1, '2019-06-24', 'Working', 'Not For Repair', 'Default Admin', '160'),
(1405, 'Headset', '', '', '', '2019-06-24', 1, '2019-06-24', 'Working', 'Not For Repair', 'Default Admin', '160'),
(1406, 'CPU', 'INTEL', 'i3', '', '2019-06-24', 1, '2019-06-24', 'Working', 'Not For Repair', 'Default Admin', '160'),
(1407, 'Motherboard', 'INTEL LENOVO', '', '', '2019-06-24', 1, '2019-06-24', 'Working', 'Not For Repair', 'Default Admin', '160'),
(1408, 'GPU', '', '', '', '2019-06-24', 1, '2019-06-24', 'Working', 'Not For Repair', 'Default Admin', '160'),
(1409, 'RAM', 'SAMSUNG', '2 GB DDR2', '11S41A1102ZVJ3LJ95MOHX', '2019-06-24', 1, '2019-06-24', 'Working', 'Not For Repair', 'Default Admin', '160'),
(1410, 'HDD', 'SEAGATE', '160GB', '5RA73D3Y', '2019-06-24', 1, '2019-06-24', 'Working', 'Not For Repair', 'Default Admin', '160'),
(1411, 'Monitor', 'LENOVO', '15', 'V307760', '2019-06-24', 1, '2019-06-24', 'Working', 'Not For Repair', 'Default Admin', '161'),
(1412, 'Keyboard', 'A4TECH', '', 'KRS-85', '2019-06-24', 1, '2019-06-24', 'Working', 'Not For Repair', 'Default Admin', '161'),
(1413, 'Mouse', 'A4TECH', '', 'OP-720', '2019-06-24', 1, '2019-06-24', 'Working', 'Not For Repair', 'Default Admin', '161'),
(1414, 'AVR', '', '', '', '2019-06-24', 1, '2019-06-24', 'Working', 'Not For Repair', 'Default Admin', '161'),
(1415, 'Headset', '', '', '', '2019-06-24', 1, '2019-06-24', 'Working', 'Not For Repair', 'Default Admin', '161'),
(1416, 'CPU', 'INTEL', 'i3', '', '2019-06-24', 1, '2019-06-24', 'Working', 'Not For Repair', 'Default Admin', '161'),
(1417, 'Motherboard', 'INTEL LENOVO', '', '', '2019-06-24', 1, '2019-06-24', 'Working', 'Not For Repair', 'Default Admin', '161'),
(1418, 'GPU', '', '', '', '2019-06-24', 1, '2019-06-24', 'Working', 'Not For Repair', 'Default Admin', '161'),
(1419, 'RAM', 'ELPIDA', '2 GB DDR2', '11S41A1102ZVJ3LJ95T3DM', '2019-06-24', 1, '2019-06-24', 'Working', 'Not For Repair', 'Default Admin', '161'),
(1420, 'HDD', 'SEAGATE', '160GB', '6RAFKINQ', '2019-06-24', 1, '2019-06-24', 'Working', 'Not For Repair', 'Default Admin', '161'),
(1421, 'Monitor', 'ACER V6-SERIES', '22inch', 'MMLXLSS023913076414', '2020-06-20', 1, '2020-06-20', 'asdasd', 'Fixed', 'Default Admin', '162'),
(1422, 'Keyboard', 'ACER', 'USB KEYBOARD', '', '2020-06-20', 1, '2020-06-20', 'Working', 'Not For Repair', 'Default Admin', '162'),
(1423, 'Mouse', 'ACER', 'USB KEYBOARD', '', '2020-06-20', 1, '2020-06-20', 'Working', 'Not For Repair', 'Default Admin', '162'),
(1424, 'AVR', 'NA', '', '', '2020-06-20', 1, '2020-06-20', 'Working', 'Not For Repair', 'Default Admin', '162'),
(1425, 'Headset', 'NA', '', '', '2020-06-20', 1, '2020-06-20', 'Working', 'Not For Repair', 'Default Admin', '162'),
(1426, 'CPU', 'INTEL', 'i7 - 8700', '', '2020-06-20', 1, '2020-06-20', 'Working', 'Not For Repair', 'Default Admin', '162'),
(1427, 'Motherboard', 'VERITON', 'M466OG', '', '2020-06-20', 1, '2020-06-20', 'Working', 'Not For Repair', 'Default Admin', '162'),
(1428, 'GPU', 'NVIDIA', 'GT730', '', '2020-06-20', 1, '2020-06-20', 'Working', 'Not For Repair', 'Default Admin', '162'),
(1429, 'RAM', 'KINGSTON', '8GB DDR4', '', '2020-06-20', 1, '2020-06-20', 'Working', 'Not For Repair', 'Default Admin', '162'),
(1430, 'HDD', 'TOSHIBA', '1TB', '', '2020-06-20', 1, '2020-06-20', 'Working', 'Not For Repair', 'Default Admin', '162'),
(1431, 'Monitor', 'ACER V6-SERIES', '22INCH', 'MMLXLSS023913070E4263', '2020-06-20', 1, '2020-06-20', 'Working', 'Not For Repair', 'Default Admin', '171'),
(1432, 'Keyboard', 'ACER', 'USB KEYBOARD', '', '2020-06-20', 1, '2020-06-20', 'Working', 'Not For Repair', 'Default Admin', '171'),
(1433, 'Mouse', 'ACER', 'USB KEYBOARD', '', '2020-06-20', 1, '2020-06-20', 'Working', 'Not For Repair', 'Default Admin', '171'),
(1434, 'AVR', '', '', '', '2020-06-20', 1, '2020-06-20', 'Working', 'Not For Repair', 'Default Admin', '171'),
(1435, 'Headset', '', '', '', '2020-06-20', 1, '2020-06-20', 'Working', 'Not For Repair', 'Default Admin', '171'),
(1436, 'CPU', 'INTEL', 'i7 - 8700', '', '2020-06-20', 1, '2020-06-20', 'Working', 'Not For Repair', 'Default Admin', '171'),
(1437, 'Motherboard', 'VERITON', 'M466OG', '', '2020-06-20', 1, '2020-06-20', 'Working', 'Not For Repair', 'Default Admin', '171'),
(1438, 'GPU', 'NVIDIA', 'GT730', '', '2020-06-20', 1, '2020-06-20', 'Working', 'Not For Repair', 'Default Admin', '171'),
(1439, 'RAM', 'KINGSTON', '8GB DDR4', '', '2020-06-20', 1, '2020-06-20', 'Working', 'Not For Repair', 'Default Admin', '171'),
(1440, 'HDD', 'TOSHIBA', '1TB', '', '2020-06-20', 1, '2020-06-20', 'Working', 'Not For Repair', 'Default Admin', '171'),
(1441, 'Monitor', 'ACER V6-SERIES', '22inch', 'MMLXLSS0239130760D4263', '2020-06-20', 1, '2020-06-20', 'Working', 'Not For Repair', 'Default Admin', '170'),
(1442, 'Keyboard', 'ACER', 'USB KEYBOARD', '', '2020-06-20', 1, '2020-06-20', 'Working', 'Not For Repair', 'Default Admin', '170'),
(1443, 'Mouse', 'ACER', 'USB KEYBOARD', '', '2020-06-20', 1, '2020-06-20', 'Working', 'Not For Repair', 'Default Admin', '170'),
(1444, 'AVR', '', '', '', '2020-06-20', 1, '2020-06-20', 'Working', 'Not For Repair', 'Default Admin', '170'),
(1445, 'Headset', '', '', '', '2020-06-20', 1, '2020-06-20', 'Working', 'Not For Repair', 'Default Admin', '170'),
(1446, 'CPU', 'INTEL', 'i7- 8700', '', '2020-06-20', 1, '2020-06-20', 'Working', 'Not For Repair', 'Default Admin', '170'),
(1447, 'Motherboard', 'VERITON', 'M466OG', '', '2020-06-20', 1, '2020-06-20', 'Working', 'Not For Repair', 'Default Admin', '170'),
(1448, 'GPU', 'NVIDIA', 'GT730', '', '2020-06-20', 1, '2020-06-20', 'Working', 'Not For Repair', 'Default Admin', '170'),
(1449, 'RAM', 'KINGSTON', '8GB DDR4', '', '2020-06-20', 1, '2020-06-20', 'Working', 'Not For Repair', 'Default Admin', '170'),
(1450, 'HDD', 'TOSHIBA', '1TB', '', '2020-06-20', 1, '2020-06-20', 'Working', 'Not For Repair', 'Default Admin', '170'),
(1451, 'Monitor', 'ACER V6-SERIES', '22INCH', 'MMLXLSS023913070E4263', '2020-06-20', 1, '2020-06-20', 'Working', 'Not For Repair', 'Default Admin', '163'),
(1452, 'Keyboard', 'ACER', 'USB KEYBOARD', '', '2020-06-20', 1, '2020-06-20', 'Working', 'Not For Repair', 'Default Admin', '163'),
(1453, 'Mouse', 'ACER', 'USB KEYBOARD', '', '2020-06-20', 1, '2020-06-20', 'Working', 'Not For Repair', 'Default Admin', '163'),
(1454, 'AVR', '', '', '', '2020-06-20', 1, '2020-06-20', 'Working', 'Not For Repair', 'Default Admin', '163'),
(1455, 'Headset', '', '', '', '2020-06-20', 1, '2020-06-20', 'Working', 'Not For Repair', 'Default Admin', '163'),
(1456, 'CPU', 'INTEL', 'i7 - 8700', '', '2020-06-20', 1, '2020-06-20', 'Working', 'Not For Repair', 'Default Admin', '163'),
(1457, 'Motherboard', 'VERITON', 'M466OG', '', '2020-06-20', 1, '2020-06-20', 'Working', 'Not For Repair', 'Default Admin', '163'),
(1458, 'GPU', 'NVIDIA', 'GT730', '', '2020-06-20', 1, '2020-06-20', 'Working', 'Not For Repair', 'Default Admin', '163'),
(1459, 'RAM', 'KINGSTON', '8GB DDR4', '', '2020-06-20', 1, '2020-06-20', 'Working', 'Not For Repair', 'Default Admin', '163'),
(1460, 'HDD', 'TOSHIBA', '1TB', '', '2020-06-20', 1, '2020-06-20', 'Working', 'Not For Repair', 'Default Admin', '163'),
(1461, 'Monitor', 'ACER V6-SERIES', '22INCH', 'MMLXLSS023913070E4263', '2020-06-20', 1, '2020-06-20', 'Working', 'Not For Repair', 'Default Admin', '164'),
(1462, 'Keyboard', 'ACER', 'USB KEYBOARD', '', '2020-06-20', 1, '2020-06-20', 'Working', 'Not For Repair', 'Default Admin', '164'),
(1463, 'Mouse', 'ACER', 'USB KEYBOARD', '', '2020-06-20', 1, '2020-06-20', 'Working', 'Not For Repair', 'Default Admin', '164'),
(1464, 'AVR', '', '', '', '2020-06-20', 1, '2020-06-20', 'Working', 'Not For Repair', 'Default Admin', '164'),
(1465, 'Headset', '', '', '', '2020-06-20', 1, '2020-06-20', 'Working', 'Not For Repair', 'Default Admin', '164'),
(1466, 'CPU', 'INTEL', 'i7 - 8700', '', '2020-06-20', 1, '2020-06-20', 'Working', 'Not For Repair', 'Default Admin', '164'),
(1467, 'Motherboard', 'VERITON', 'M466OG', '', '2020-06-20', 1, '2020-06-20', 'Working', 'Not For Repair', 'Default Admin', '164'),
(1468, 'GPU', 'NVIDIA', 'GT730', '', '2020-06-20', 1, '2020-06-20', 'Working', 'Not For Repair', 'Default Admin', '164'),
(1469, 'RAM', 'KINGSTON', '8GB DDR4', '', '2020-06-20', 1, '2020-06-20', 'Working', 'Not For Repair', 'Default Admin', '164'),
(1470, 'HDD', 'TOSHIBA', '1TB', '', '2020-06-20', 1, '2020-06-20', 'Working', 'Not For Repair', 'Default Admin', '164'),
(1471, 'Monitor', 'ACER V6-SERIES', '22INCH', 'MMLXLSS023913075084263', '2020-06-20', 1, '2020-06-20', 'Working', 'Not For Repair', 'Default Admin', '165'),
(1472, 'Keyboard', 'ACER', 'USB KEYBOARD', '', '2020-06-20', 1, '2020-06-20', 'Working', 'Not For Repair', 'Default Admin', '165'),
(1473, 'Mouse', 'ACER', 'USB KEYBOARD', '', '2020-06-20', 1, '2020-06-20', 'Working', 'Not For Repair', 'Default Admin', '165'),
(1474, 'AVR', '', '', '', '2020-06-20', 1, '2020-06-20', 'Working', 'Not For Repair', 'Default Admin', '165'),
(1475, 'Headset', '', '', '', '2020-06-20', 1, '2020-06-20', 'Working', 'Not For Repair', 'Default Admin', '165'),
(1476, 'CPU', 'INTEL', 'i7 - 8700', '', '2020-06-20', 1, '2020-06-20', 'Working', 'Not For Repair', 'Default Admin', '165'),
(1477, 'Motherboard', 'VERITON', 'M466OG', '', '2020-06-20', 1, '2020-06-20', 'Working', 'Not For Repair', 'Default Admin', '165'),
(1478, 'GPU', 'NVIDIA', 'GT730', '', '2020-06-20', 1, '2020-06-20', 'Working', 'Not For Repair', 'Default Admin', '165'),
(1479, 'RAM', 'KINGSTON', '8GB DDR4', '', '2020-06-20', 1, '2020-06-20', 'Working', 'Not For Repair', 'Default Admin', '165'),
(1480, 'HDD', 'TOSHIBA', '1TB', '', '2020-06-20', 1, '2020-06-20', 'Working', 'Not For Repair', 'Default Admin', '165'),
(1481, 'Monitor', 'ACER V6-SERIES', '22INCH', 'MMLXLSS023913075DB4263', '2020-06-20', 1, '2020-06-20', 'Working', 'Not For Repair', 'Default Admin', '166'),
(1482, 'Keyboard', 'ACER', 'USB KEYBOARD', '', '2020-06-20', 1, '2020-06-20', 'Working', 'Not For Repair', 'Default Admin', '166'),
(1483, 'Mouse', 'ACER', 'USB KEYBOARD', '', '2020-06-20', 1, '2020-06-20', 'Working', 'Not For Repair', 'Default Admin', '166'),
(1484, 'AVR', '', '', '', '2020-06-20', 1, '2020-06-20', 'Working', 'Not For Repair', 'Default Admin', '166'),
(1485, 'Headset', '', '', '', '2020-06-20', 1, '2020-06-20', 'Working', 'Not For Repair', 'Default Admin', '166'),
(1486, 'CPU', 'INTEL', 'i7 - 8700', '', '2020-06-20', 1, '2020-06-20', 'Working', 'Not For Repair', 'Default Admin', '166'),
(1487, 'Motherboard', 'VERITON', 'M466OG', '', '2020-06-20', 1, '2020-06-20', 'Working', 'Not For Repair', 'Default Admin', '166'),
(1488, 'GPU', 'NVIDIA', 'GT730', '', '2020-06-20', 1, '2020-06-20', 'Working', 'Not For Repair', 'Default Admin', '166'),
(1489, 'RAM', 'KINGSTON', '8GB DDR4', '', '2020-06-20', 1, '2020-06-20', 'Working', 'Not For Repair', 'Default Admin', '166'),
(1490, 'HDD', 'TOSHIBA', '1TB', '', '2020-06-20', 1, '2020-06-20', 'Working', 'Not For Repair', 'Default Admin', '166'),
(1491, 'Monitor', 'ACER V6-SERIES', '22INCH', 'MMLXLSS023913075EF4263', '2020-06-20', 1, '2020-06-20', 'Working', 'Not For Repair', 'Default Admin', '167'),
(1492, 'Keyboard', 'ACER', 'USB KEYBOARD', '', '2020-06-20', 1, '2020-06-20', 'Working', 'Not For Repair', 'Default Admin', '167'),
(1493, 'Mouse', 'ACER', 'USB OPTICAL MOUSE', '', '2020-06-20', 1, '2020-06-20', 'Working', 'Not For Repair', 'Default Admin', '167'),
(1494, 'AVR', '', '', '', '2020-06-20', 1, '2020-06-20', 'Working', 'Not For Repair', 'Default Admin', '167'),
(1495, 'Headset', '', '', '', '2020-06-20', 1, '2020-06-20', 'Working', 'Not For Repair', 'Default Admin', '167'),
(1496, 'CPU', 'INTEL', 'i7- 8700', '', '2020-06-20', 1, '2020-06-20', 'Working', 'Not For Repair', 'Default Admin', '167'),
(1497, 'Motherboard', 'VERITON', 'M466OG', '', '2020-06-20', 1, '2020-06-20', 'Working', 'Not For Repair', 'Default Admin', '167'),
(1498, 'GPU', 'NVIDIA', 'GT730', '', '2020-06-20', 1, '2020-06-20', 'Working', 'Not For Repair', 'Default Admin', '167'),
(1499, 'RAM', 'KINGSTON', '8GB DDR4', '', '2020-06-20', 1, '2020-06-20', 'Working', 'Not For Repair', 'Default Admin', '167'),
(1500, 'HDD', 'TOSHIBA', '1TB', '', '2020-06-20', 1, '2020-06-20', 'Working', 'Not For Repair', 'Default Admin', '167'),
(1501, 'Monitor', 'ACER V6-SERIES', '22INCH', 'MMLXLSS0239130763D4263', '2020-06-20', 1, '2020-06-20', 'Working', 'Not For Repair', 'Default Admin', '168'),
(1502, 'Keyboard', 'ACER', 'USB KEYBOARD', '', '2020-06-20', 1, '2020-06-20', 'Working', 'Not For Repair', 'Default Admin', '168'),
(1503, 'Mouse', 'ACER', 'USB OPTICAL MOUSE', '', '2020-06-20', 1, '2020-06-20', 'Working', 'Not For Repair', 'Default Admin', '168'),
(1504, 'AVR', '', '', '', '2020-06-20', 1, '2020-06-20', 'Working', 'Not For Repair', 'Default Admin', '168'),
(1505, 'Headset', '', '', '', '2020-06-20', 1, '2020-06-20', 'Working', 'Not For Repair', 'Default Admin', '168'),
(1506, 'CPU', 'INTEL', 'i7 - 8700', '', '2020-06-20', 1, '2020-06-20', 'Working', 'Not For Repair', 'Default Admin', '168'),
(1507, 'Motherboard', 'VERITON', 'M466OG', '', '2020-06-20', 1, '2020-06-20', 'Working', 'Not For Repair', 'Default Admin', '168'),
(1508, 'GPU', 'NVIDIA', 'GT730', '', '2020-06-20', 1, '2020-06-20', 'Working', 'Not For Repair', 'Default Admin', '168'),
(1509, 'RAM', 'KINGSTON', '8GB DDR4', '', '2020-06-20', 1, '2020-06-20', 'Working', 'Not For Repair', 'Default Admin', '168'),
(1510, 'HDD', 'TOSHIBA', '1TB', '', '2020-06-20', 1, '2020-06-20', 'Working', 'Not For Repair', 'Default Admin', '168'),
(1511, 'Monitor', 'ACER V6-SERIES', '22INCHQ', 'MMLXLSS0239130761C4263', '2020-06-20', 1, '2020-06-20', 'Working', 'Not For Repair', 'Default Admin', '169'),
(1512, 'Keyboard', 'ACER', 'USB KEYBOARD', '', '2020-06-20', 1, '2020-06-20', 'Working', 'Not For Repair', 'Default Admin', '169'),
(1513, 'Mouse', 'ACER', 'USB OPTICAL', '', '2020-06-20', 1, '2020-06-20', 'Working', 'Not For Repair', 'Default Admin', '169'),
(1514, 'AVR', '', '', '', '2020-06-20', 1, '2020-06-20', 'Working', 'Not For Repair', 'Default Admin', '169'),
(1515, 'Headset', '', '', '', '2020-06-20', 1, '2020-06-20', 'Working', 'Not For Repair', 'Default Admin', '169'),
(1516, 'CPU', 'INTEL', 'i7 - 8700', '', '2020-06-20', 1, '2020-06-20', 'Working', 'Not For Repair', 'Default Admin', '169'),
(1517, 'Motherboard', 'VERITON', 'M466OG', '', '2020-06-20', 1, '2020-06-20', 'Working', 'Not For Repair', 'Default Admin', '169'),
(1518, 'GPU', 'NVIDIA', 'GT730', '', '2020-06-20', 1, '2020-06-20', 'Working', 'Not For Repair', 'Default Admin', '169'),
(1519, 'RAM', 'KINGSTON', '8GB DDR4', '', '2020-06-20', 1, '2020-06-20', 'Working', 'Not For Repair', 'Default Admin', '169'),
(1520, 'HDD', 'TOSHIBA', '1TB', '', '2020-06-20', 1, '2020-06-20', 'Working', 'Not For Repair', 'Default Admin', '169'),
(1521, 'Monitor', 'ACER V6-SERIES', '22INCH', 'MMLXLSS0239130760F4263', '2020-06-20', 1, '2020-06-20', 'Working', 'Not For Repair', 'Default Admin', '172'),
(1522, 'Keyboard', 'ACER', 'USB KEYBOARD', '', '2020-06-20', 1, '2020-06-20', 'Working', 'Not For Repair', 'Default Admin', '172'),
(1523, 'Mouse', 'ACER', 'USB OPTICAL', '', '2020-06-20', 1, '2020-06-20', 'Working', 'Not For Repair', 'Default Admin', '172'),
(1524, 'AVR', '', '', '', '2020-06-20', 1, '2020-06-20', 'Working', 'Not For Repair', 'Default Admin', '172'),
(1525, 'Headset', '', '', '', '2020-06-20', 1, '2020-06-20', 'Working', 'Not For Repair', 'Default Admin', '172'),
(1526, 'CPU', 'INTEL', 'i7 - 8700', '', '2020-06-20', 1, '2020-06-20', 'Working', 'Not For Repair', 'Default Admin', '172'),
(1527, 'Motherboard', 'VERITON', 'M466OG', '', '2020-06-20', 1, '2020-06-20', 'Working', 'Not For Repair', 'Default Admin', '172'),
(1528, 'GPU', 'NVIDIA', 'GT730', '', '2020-06-20', 1, '2020-06-20', 'Working', 'Not For Repair', 'Default Admin', '172'),
(1529, 'RAM', 'KINGSTON', '8GB DDR4', '', '2020-06-20', 1, '2020-06-20', 'Working', 'Not For Repair', 'Default Admin', '172'),
(1530, 'HDD', 'TOSHIBA', '1TB', '', '2020-06-20', 1, '2020-06-20', 'Working', 'Not For Repair', 'Default Admin', '172'),
(1531, 'Monitor', 'ACER V6-SERIES', '22INCH', 'MMLXLSS023913070E4263', '2020-06-20', 1, '2020-06-20', 'Working', 'Not For Repair', 'Default Admin', '173'),
(1532, 'Keyboard', 'ACER', 'USB KEYBOARD', '', '2020-06-20', 1, '2020-06-20', 'Working', 'Not For Repair', 'Default Admin', '173'),
(1533, 'Mouse', 'ACER', 'USB OPTICAL', '', '2020-06-02', 1, '2020-06-20', 'Working', 'Not For Repair', 'Default Admin', '173'),
(1534, 'AVR', '', '', '', '2020-06-20', 1, '2020-06-20', 'Working', 'Not For Repair', 'Default Admin', '173'),
(1535, 'Headset', '', '', '', '2020-06-20', 1, '2020-06-20', 'Working', 'Not For Repair', 'Default Admin', '173'),
(1536, 'CPU', 'INTEL', 'i7 - 8700', '', '2020-06-20', 1, '2020-06-20', 'Working', 'Not For Repair', 'Default Admin', '173'),
(1537, 'Motherboard', 'VERITON', 'M466OG', '', '2020-06-20', 1, '2020-06-20', 'Working', 'Not For Repair', 'Default Admin', '173'),
(1538, 'GPU', 'NVIDIA', 'GT730', '', '2020-06-20', 1, '2020-06-20', 'Working', 'Not For Repair', 'Default Admin', '173'),
(1539, 'RAM', 'KINGSTON', '8GB DDR4', '', '2020-06-20', 1, '2020-06-20', 'Working', 'Not For Repair', 'Default Admin', '173'),
(1540, 'HDD', 'TOSHIBA', '1TB', '', '2020-06-20', 1, '2020-06-20', 'Working', 'Not For Repair', 'Default Admin', '173');

-- --------------------------------------------------------

--
-- Table structure for table `stock_room`
--

CREATE TABLE `stock_room` (
  `id` int(11) NOT NULL,
  `batch_id` varchar(64) NOT NULL,
  `date_added` datetime NOT NULL,
  `item` varchar(128) NOT NULL,
  `description` text NOT NULL,
  `beg_inventory` int(12) NOT NULL,
  `request_item` int(12) NOT NULL,
  `purchased_item` int(12) NOT NULL,
  `total_qty` int(12) NOT NULL,
  `remarks` varchar(12) NOT NULL
) ENGINE=InnoDB DEFAULT CHARSET=latin1;

--
-- Dumping data for table `stock_room`
--

INSERT INTO `stock_room` (`id`, `batch_id`, `date_added`, `item`, `description`, `beg_inventory`, `request_item`, `purchased_item`, `total_qty`, `remarks`) VALUES
(1, 'HDD190808093821', '2019-08-08 09:38:21', 'HDD', 'Hard Disk Drive', 0, 0, 5, 5, 'old'),
(2, 'HDD190808093821', '2019-08-08 09:38:34', 'HDD', 'Hard Disk Drive', 5, 1, 0, 4, 'old'),
(4, 'HDD190808172527', '2019-08-08 17:25:27', 'HDD', '', 0, 0, 1, 1, 'old'),
(5, 'HDD190808172527', '2019-08-08 17:25:50', 'HDD', 'Hard Disk Driveeee', 1, 0, 1, 2, 'old'),
(6, 'HDD190808172527', '2019-08-08 17:26:10', 'HDD', 'Hard Disk Driveeee', 2, 2, 0, 0, 'old'),
(8, 'HDD190808093821', '2019-08-23 11:10:33', 'HDD', 'Hard Disk Drive', 4, 4, 5, 5, 'old'),
(10, 'MNTR190830135129', '2019-08-30 13:51:29', 'Monitor', 'Acer', 0, 0, 4, 4, 'old');

-- --------------------------------------------------------

--
-- Table structure for table `transaction_record`
--

CREATE TABLE `transaction_record` (
  `id` int(11) NOT NULL,
  `type` varchar(128) DEFAULT NULL,
  `type_id` varchar(64) DEFAULT NULL,
  `cost` decimal(12,3) DEFAULT NULL,
  `date_added` date DEFAULT NULL
) ENGINE=InnoDB DEFAULT CHARSET=latin1;

--
-- Dumping data for table `transaction_record`
--

INSERT INTO `transaction_record` (`id`, `type`, `type_id`, `cost`, `date_added`) VALUES
(3, 'fixed_peripheral', '103', '234.000', '2019-09-09'),
(4, 'fixed_fixture', '116', '234.000', '2019-09-09'),
(5, 'fixed_fixture', '116', '25.000', '2019-09-09'),
(6, 'fixed_fixture', '74', '20.000', '2019-09-09'),
(7, 'fixed_fixture', '118', '20.000', '2019-09-17'),
(8, 'fixed_fixture', '117', '150.000', '2019-09-17');

-- --------------------------------------------------------

--
-- Table structure for table `unit_pc`
--

CREATE TABLE `unit_pc` (
  `unit_id` int(12) NOT NULL,
  `unit_no` int(12) NOT NULL,
  `unit_name` varchar(64) NOT NULL,
  `lab_id` varchar(64) NOT NULL,
  `building_id` varchar(64) NOT NULL,
  `status` varchar(32) NOT NULL,
  `added_by` varchar(32) NOT NULL,
  `date_added` timestamp NOT NULL DEFAULT current_timestamp() ON UPDATE current_timestamp()
) ENGINE=InnoDB DEFAULT CHARSET=latin1;

--
-- Dumping data for table `unit_pc`
--

INSERT INTO `unit_pc` (`unit_id`, `unit_no`, `unit_name`, `lab_id`, `building_id`, `status`, `added_by`, `date_added`) VALUES
(11, 1, 'PC1', '13', '1', 'working', 'Default Admin', '2019-09-04 10:44:47'),
(12, 2, 'PC2', '13', '1', 'working', 'Default Admin', '2019-09-04 09:50:01'),
(13, 3, 'PC3', '13', '1', 'working', 'Default Admin', '2019-09-04 09:59:46'),
(14, 4, 'PC4', '13', '1', 'working', 'Default Admin', '2019-09-04 08:13:11'),
(15, 5, 'PC5', '13', '1', 'working', 'Default Admin', '2019-09-04 08:13:12'),
(16, 6, 'PC6', '13', '1', 'working', 'Default Admin', '2019-08-30 05:39:07'),
(17, 7, 'PC7', '13', '1', 'working', 'Default Admin', '2019-08-30 05:39:07'),
(18, 8, 'PC8', '13', '1', 'working', 'Default Admin', '2019-08-30 05:39:07'),
(19, 9, 'PC9', '13', '1', 'working', 'Default Admin', '2019-08-30 05:39:07'),
(20, 10, 'PC10', '13', '1', 'working', 'Default Admin', '2019-08-30 05:39:07'),
(21, 11, 'PC11', '13', '1', 'working', 'Default Admin', '2019-08-30 05:39:07'),
(22, 12, 'PC12', '13', '1', 'working', 'Default Admin', '2019-08-30 05:39:07'),
(23, 13, 'PC13', '13', '1', 'working', 'Default Admin', '2019-08-30 05:39:07'),
(24, 14, 'PC14', '13', '1', 'working', 'Default Admin', '2019-08-30 05:39:07'),
(25, 15, 'PC15', '13', '1', 'working', 'Default Admin', '2019-08-30 05:39:07'),
(26, 16, 'PC16', '13', '1', 'working', 'Default Admin', '2019-08-30 05:39:07'),
(27, 17, 'PC17', '13', '1', 'working', 'Default Admin', '2019-08-30 05:39:07'),
(28, 18, 'PC18', '13', '1', 'working', 'Default Admin', '2019-08-30 05:39:07'),
(29, 19, 'PC19', '13', '1', 'working', 'Default Admin', '2019-08-30 05:39:07'),
(30, 20, 'PC20', '13', '1', 'working', 'Default Admin', '2019-08-30 05:39:07'),
(31, 21, 'PC21', '13', '1', 'working', 'Default Admin', '2019-08-30 05:39:07'),
(32, 22, 'PC22', '13', '1', 'working', 'Default Admin', '2019-08-30 05:39:07'),
(33, 23, 'PC23', '13', '1', 'working', 'Default Admin', '2019-08-30 05:39:07'),
(34, 24, 'PC24', '13', '1', 'working', 'Default Admin', '2019-08-30 05:39:07'),
(35, 25, 'PC25', '13', '1', 'working', 'Default Admin', '2019-08-30 05:39:07'),
(36, 26, 'PC26', '13', '1', 'working', 'Default Admin', '2019-08-30 05:39:07'),
(37, 27, 'PC27', '13', '1', 'working', 'Default Admin', '2019-08-30 05:39:07'),
(38, 28, 'PC28', '13', '1', 'working', 'Default Admin', '2019-08-30 05:39:07'),
(39, 29, 'PC29', 'stock_room', '1', 'working', 'Default Admin', '2019-09-04 10:13:42'),
(60, 1, 'PC1', '14', '1', 'working', 'Default Admin', '2019-09-02 02:07:42'),
(61, 2, 'PC2', '14', '1', 'working', 'Default Admin', '2019-09-02 02:07:42'),
(62, 3, 'PC3', '14', '1', 'working', 'Default Admin', '2019-09-02 02:07:42'),
(63, 4, 'PC4', '14', '1', 'working', 'Default Admin', '2019-09-02 02:07:42'),
(64, 5, 'PC5', '14', '1', 'working', 'Default Admin', '2019-09-02 02:07:42'),
(65, 6, 'PC6', '14', '1', 'working', 'Default Admin', '2019-09-02 02:07:42'),
(66, 7, 'PC7', '14', '1', 'working', 'Default Admin', '2019-09-02 02:07:42'),
(67, 8, 'PC8', '14', '1', 'working', 'Default Admin', '2019-09-02 02:07:42'),
(68, 9, 'PC9', '14', '1', 'working', 'Default Admin', '2019-09-02 02:07:42'),
(69, 10, 'PC10', '14', '1', 'working', 'Default Admin', '2019-09-02 02:07:42'),
(70, 11, 'PC11', '14', '1', 'working', 'Default Admin', '2019-09-02 02:07:42'),
(71, 12, 'PC12', '14', '1', 'working', 'Default Admin', '2019-09-02 02:07:42'),
(72, 13, 'PC13', '14', '1', 'working', 'Default Admin', '2019-09-02 02:07:42'),
(73, 14, 'PC14', '14', '1', 'working', 'Default Admin', '2019-09-02 02:07:42'),
(74, 15, 'PC15', '14', '1', 'working', 'Default Admin', '2019-09-02 02:07:42'),
(75, 16, 'PC16', '14', '1', 'working', 'Default Admin', '2019-09-02 02:07:42'),
(76, 17, 'PC17', '14', '1', 'working', 'Default Admin', '2019-09-02 02:07:42'),
(77, 18, 'PC18', '14', '1', 'working', 'Default Admin', '2019-09-02 02:07:42'),
(78, 19, 'PC19', '14', '1', 'working', 'Default Admin', '2019-09-02 02:07:42'),
(79, 20, 'PC20', '14', '1', 'working', 'Default Admin', '2019-09-02 02:07:42'),
(80, 21, 'PC21', '14', '1', 'working', 'Default Admin', '2019-09-02 02:07:42'),
(81, 22, 'PC22', '14', '1', 'working', 'Default Admin', '2019-09-02 02:07:42'),
(82, 23, 'PC23', '14', '1', 'working', 'Default Admin', '2019-09-02 02:07:42'),
(83, 24, 'PC24', '14', '1', 'working', 'Default Admin', '2019-09-02 02:07:42'),
(84, 25, 'PC25', '14', '1', 'working', 'Default Admin', '2019-09-02 02:07:42'),
(85, 26, 'PC26', '14', '1', 'working', 'Default Admin', '2019-09-02 02:07:42'),
(86, 27, 'PC27', '14', '1', 'working', 'Default Admin', '2019-09-02 02:07:42'),
(87, 28, 'PC28', '14', '1', 'working', 'Default Admin', '2019-09-02 02:07:42'),
(88, 29, 'PC29', '14', '1', 'working', 'Default Admin', '2019-09-02 02:07:42'),
(89, 30, 'PC30', '14', '1', 'working', 'Default Admin', '2019-09-02 02:07:42'),
(90, 31, 'PC31', '14', '1', 'working', 'Default Admin', '2019-09-02 02:07:53'),
(91, 32, 'PC32', '14', '1', 'working', 'Default Admin', '2019-09-02 02:07:53'),
(92, 33, 'PC33', '14', '1', 'working', 'Default Admin', '2019-09-02 02:07:53'),
(93, 34, 'PC34', '14', '1', 'working', 'Default Admin', '2019-09-02 02:07:53'),
(94, 35, 'PC35', '14', '1', 'working', 'Default Admin', '2019-09-02 02:07:53'),
(95, 36, 'PC36', '14', '1', 'working', 'Default Admin', '2019-09-02 02:07:53'),
(96, 1, 'PC1', '15', '1', 'working', 'Default Admin', '2019-09-02 02:56:42'),
(97, 2, 'PC2', '15', '1', 'working', 'Default Admin', '2019-09-02 02:56:42'),
(98, 3, 'PC3', '15', '1', 'working', 'Default Admin', '2019-09-02 02:56:42'),
(99, 4, 'PC4', '15', '1', 'working', 'Default Admin', '2019-09-02 02:56:42'),
(100, 5, 'PC5', '15', '1', 'working', 'Default Admin', '2019-09-02 02:56:42'),
(101, 6, 'PC6', '15', '1', 'working', 'Default Admin', '2019-09-02 02:56:42'),
(102, 7, 'PC7', '15', '1', 'working', 'Default Admin', '2019-09-02 02:56:42'),
(103, 8, 'PC8', '15', '1', 'working', 'Default Admin', '2019-09-02 02:56:42'),
(104, 9, 'PC9', '15', '1', 'working', 'Default Admin', '2019-09-02 02:56:42'),
(105, 10, 'PC10', '15', '1', 'working', 'Default Admin', '2019-09-02 02:56:42'),
(106, 11, 'PC11', '15', '1', 'working', 'Default Admin', '2019-09-02 02:56:42'),
(107, 12, 'PC12', '15', '1', 'working', 'Default Admin', '2019-09-02 02:56:42'),
(108, 13, 'PC13', '15', '1', 'working', 'Default Admin', '2019-09-02 02:56:42'),
(109, 14, 'PC14', '15', '1', 'working', 'Default Admin', '2019-09-02 02:56:42'),
(110, 15, 'PC15', '15', '1', 'working', 'Default Admin', '2019-09-02 02:56:42'),
(111, 16, 'PC16', '15', '1', 'working', 'Default Admin', '2019-09-02 02:56:42'),
(112, 17, 'PC17', '15', '1', 'working', 'Default Admin', '2019-09-02 02:56:42'),
(113, 18, 'PC18', '15', '1', 'working', 'Default Admin', '2019-09-02 02:56:42'),
(114, 19, 'PC19', '15', '1', 'working', 'Default Admin', '2019-09-02 02:56:42'),
(115, 20, 'PC20', '15', '1', 'working', 'Default Admin', '2019-09-02 02:56:42'),
(116, 21, 'PC21', '15', '1', 'working', 'Default Admin', '2019-09-02 02:56:42'),
(117, 22, 'PC22', 'stock_room', '1', 'working', 'Default Admin', '2019-09-04 10:12:59'),
(118, 23, 'PC23', '15', '1', 'working', 'Default Admin', '2019-09-02 02:56:42'),
(119, 24, 'PC24', '15', '1', 'working', 'Default Admin', '2019-09-02 02:56:42'),
(120, 25, 'PC25', '15', '1', 'working', 'Default Admin', '2019-09-02 02:56:42'),
(121, 26, 'PC26', '15', '1', 'working', 'Default Admin', '2019-09-02 02:56:42'),
(122, 27, 'PC27', '15', '1', 'working', 'Default Admin', '2019-09-02 02:56:42'),
(123, 28, 'PC28', '15', '1', 'working', 'Default Admin', '2019-09-02 02:56:42'),
(124, 29, 'PC29', '15', '1', 'working', 'Default Admin', '2019-09-02 02:56:42'),
(125, 1, 'PC1', '16', '1', 'working', 'Default Admin', '2019-09-02 06:09:05'),
(126, 2, 'PC2', '16', '1', 'working', 'Default Admin', '2019-09-02 06:09:05'),
(127, 3, 'PC3', '16', '1', 'working', 'Default Admin', '2019-09-02 06:09:05'),
(128, 4, 'PC4', '16', '1', 'working', 'Default Admin', '2019-09-02 06:09:05'),
(129, 5, 'PC5', '16', '1', 'working', 'Default Admin', '2019-09-02 06:09:05'),
(130, 6, 'PC6', '16', '1', 'working', 'Default Admin', '2019-09-02 06:09:05'),
(131, 7, 'PC7', '16', '1', 'working', 'Default Admin', '2019-09-02 06:09:05'),
(132, 8, 'PC8', '16', '1', 'working', 'Default Admin', '2019-09-02 06:09:05'),
(133, 9, 'PC9', '16', '1', 'working', 'Default Admin', '2019-09-02 06:09:05'),
(134, 10, 'PC10', '16', '1', 'working', 'Default Admin', '2019-09-02 06:09:05'),
(135, 11, 'PC11', '16', '1', 'working', 'Default Admin', '2019-09-02 06:09:05'),
(136, 12, 'PC12', '16', '1', 'working', 'Default Admin', '2019-09-02 06:09:05'),
(137, 13, 'PC13', '16', '1', 'working', 'Default Admin', '2019-09-02 06:09:05'),
(138, 14, 'PC14', '16', '1', 'working', 'Default Admin', '2019-09-02 06:09:05'),
(139, 15, 'PC15', '16', '1', 'working', 'Default Admin', '2019-09-02 06:09:05'),
(140, 16, 'PC16', '16', '1', 'working', 'Default Admin', '2019-09-02 06:09:05'),
(141, 17, 'PC17', '16', '1', 'working', 'Default Admin', '2019-09-02 06:09:05'),
(142, 18, 'PC18', '16', '1', 'working', 'Default Admin', '2019-09-02 06:09:05'),
(143, 19, 'PC19', '16', '1', 'working', 'Default Admin', '2019-09-02 06:09:05'),
(144, 20, 'PC20', '16', '1', 'working', 'Default Admin', '2019-09-02 06:09:05'),
(145, 21, 'PC21', '16', '1', 'working', 'Default Admin', '2019-09-02 06:09:05'),
(146, 22, 'PC22', '16', '1', 'working', 'Default Admin', '2019-09-02 06:09:05'),
(147, 23, 'PC23', '16', '1', 'working', 'Default Admin', '2019-09-02 06:09:05'),
(148, 24, 'PC24', '16', '1', 'working', 'Default Admin', '2019-09-02 06:09:05'),
(149, 25, 'PC25', '16', '1', 'working', 'Default Admin', '2019-09-02 06:09:05'),
(150, 26, 'PC26', '16', '1', 'working', 'Default Admin', '2019-09-02 06:09:05'),
(151, 27, 'PC27', '16', '1', 'working', 'Default Admin', '2019-09-02 06:09:05'),
(152, 28, 'PC28', '16', '1', 'working', 'Default Admin', '2019-09-02 06:09:05'),
(153, 29, 'PC29', '16', '1', 'working', 'Default Admin', '2019-09-02 06:09:05'),
(154, 30, 'PC30', '16', '1', 'working', 'Default Admin', '2019-09-02 06:09:05'),
(155, 31, 'PC31', '16', '1', 'working', 'Default Admin', '2019-09-02 06:09:15'),
(156, 32, 'PC32', '16', '1', 'working', 'Default Admin', '2019-09-02 06:09:15'),
(157, 33, 'PC33', '16', '1', 'working', 'Default Admin', '2019-09-02 06:09:15'),
(158, 34, 'PC34', '16', '1', 'working', 'Default Admin', '2019-09-02 06:09:15'),
(159, 35, 'PC35', '16', '1', 'working', 'Default Admin', '2019-09-02 06:09:15'),
(160, 36, 'PC36', '16', '1', 'working', 'Default Admin', '2019-09-02 06:09:15'),
(161, 37, 'PC37', '16', '1', 'working', 'Default Admin', '2019-09-02 06:09:15'),
(162, 1, 'PC1', '17', '1', 'working', 'Default Admin', '2019-09-02 09:25:59'),
(163, 2, 'PC2', '17', '1', 'working', 'Default Admin', '2019-09-02 09:25:59'),
(164, 3, 'PC3', '17', '1', 'working', 'Default Admin', '2019-09-02 09:25:59'),
(165, 4, 'PC4', '17', '1', 'working', 'Default Admin', '2019-09-02 09:25:59'),
(166, 5, 'PC5', '17', '1', 'working', 'Default Admin', '2019-09-02 09:25:59'),
(167, 6, 'PC6', '17', '1', 'working', 'Default Admin', '2019-09-02 09:25:59'),
(168, 7, 'PC7', '17', '1', 'working', 'Default Admin', '2019-09-02 09:25:59'),
(169, 8, 'PC8', '17', '1', 'working', 'Default Admin', '2019-09-02 09:25:59'),
(170, 9, 'PC9', '17', '1', 'working', 'Default Admin', '2019-09-02 09:25:59'),
(171, 10, 'PC10', '17', '1', 'working', 'Default Admin', '2019-09-02 09:25:59'),
(172, 11, 'PC11', '17', '1', 'working', 'Default Admin', '2019-09-02 09:25:59'),
(173, 12, 'PC12', '17', '1', 'working', 'Default Admin', '2019-09-02 09:25:59'),
(174, 13, 'PC13', '17', '1', 'working', 'Default Admin', '2019-09-02 09:25:59'),
(175, 14, 'PC14', '17', '1', 'working', 'Default Admin', '2019-09-02 09:25:59'),
(176, 15, 'PC15', '17', '1', 'working', 'Default Admin', '2019-09-02 09:25:59'),
(177, 16, 'PC16', '17', '1', 'working', 'Default Admin', '2019-09-02 09:25:59'),
(178, 17, 'PC17', '17', '1', 'working', 'Default Admin', '2019-09-02 09:25:59'),
(179, 18, 'PC18', '17', '1', 'working', 'Default Admin', '2019-09-02 09:25:59'),
(180, 19, 'PC19', '17', '1', 'working', 'Default Admin', '2019-09-02 09:25:59'),
(181, 20, 'PC20', '17', '1', 'working', 'Default Admin', '2019-09-02 09:25:59'),
(182, 21, 'PC21', '17', '1', 'working', 'Default Admin', '2019-09-02 09:25:59'),
(183, 22, 'PC22', '17', '1', 'working', 'Default Admin', '2019-09-02 09:25:59'),
(184, 23, 'PC23', '17', '1', 'working', 'Default Admin', '2019-09-02 09:25:59'),
(185, 24, 'PC24', '17', '1', 'working', 'Default Admin', '2019-09-02 09:25:59'),
(186, 25, 'PC25', '17', '1', 'working', 'Default Admin', '2019-09-02 09:25:59'),
(187, 26, 'PC26', '17', '1', 'working', 'Default Admin', '2019-09-02 09:25:59'),
(188, 27, 'PC27', '17', '1', 'working', 'Default Admin', '2019-09-02 09:25:59'),
(189, 28, 'PC28', '17', '1', 'working', 'Default Admin', '2019-09-02 09:25:59'),
(190, 29, 'PC29', '17', '1', 'working', 'Default Admin', '2019-09-02 09:25:59'),
(191, 30, 'PC30', '17', '1', 'working', 'Default Admin', '2019-09-02 09:25:59'),
(192, 31, 'PC31', '17', '1', 'working', 'Default Admin', '2019-09-02 09:27:58'),
(193, 32, 'PC32', '17', '1', 'working', 'Default Admin', '2019-09-02 09:27:58'),
(194, 33, 'PC33', '17', '1', 'working', 'Default Admin', '2019-09-02 09:27:58'),
(195, 34, 'PC34', '17', '1', 'working', 'Default Admin', '2019-09-02 09:27:58'),
(196, 35, 'PC35', '17', '1', 'working', 'Default Admin', '2019-09-02 09:27:58'),
(197, 36, 'PC36', '17', '1', 'working', 'Default Admin', '2019-09-02 09:27:58'),
(198, 37, 'PC37', '17', '1', 'working', 'Default Admin', '2019-09-02 09:27:58'),
(199, 38, 'PC38', '17', '1', 'working', 'Default Admin', '2019-09-02 09:27:58'),
(200, 39, 'PC39', '17', '1', 'working', 'Default Admin', '2019-09-02 09:27:58'),
(201, 1, 'PC1', '18', '1', 'working', 'Default Admin', '2019-09-06 07:41:29'),
(202, 2, 'PC2', '18', '1', 'working', 'Default Admin', '2019-09-02 09:31:44'),
(203, 3, 'PC3', '18', '1', 'working', 'Default Admin', '2019-09-02 09:31:44'),
(204, 4, 'PC4', '18', '1', 'working', 'Default Admin', '2019-09-02 09:31:44'),
(205, 5, 'PC5', '18', '1', 'working', 'Default Admin', '2019-09-02 09:31:44'),
(206, 6, 'PC6', '18', '1', 'working', 'Default Admin', '2019-09-02 09:31:44'),
(207, 7, 'PC7', '18', '1', 'working', 'Default Admin', '2019-09-02 09:31:44'),
(208, 8, 'PC8', '18', '1', 'working', 'Default Admin', '2019-09-02 09:31:44'),
(209, 9, 'PC9', '18', '1', 'working', 'Default Admin', '2019-09-02 09:31:44'),
(210, 10, 'PC10', '18', '1', 'working', 'Default Admin', '2019-09-02 09:31:44'),
(211, 11, 'PC11', '18', '1', 'working', 'Default Admin', '2019-09-02 09:31:44'),
(212, 12, 'PC12', '18', '1', 'working', 'Default Admin', '2019-09-04 11:01:15');

--
-- Indexes for dumped tables
--

--
-- Indexes for table `accounts`
--
ALTER TABLE `accounts`
  ADD PRIMARY KEY (`id`);

--
-- Indexes for table `aircon`
--
ALTER TABLE `aircon`
  ADD PRIMARY KEY (`id`);

--
-- Indexes for table `building`
--
ALTER TABLE `building`
  ADD PRIMARY KEY (`building_id`);

--
-- Indexes for table `context_logs`
--
ALTER TABLE `context_logs`
  ADD PRIMARY KEY (`id`);

--
-- Indexes for table `designation`
--
ALTER TABLE `designation`
  ADD PRIMARY KEY (`id`);

--
-- Indexes for table `equipment_transfer`
--
ALTER TABLE `equipment_transfer`
  ADD PRIMARY KEY (`id`);

--
-- Indexes for table `fixture`
--
ALTER TABLE `fixture`
  ADD PRIMARY KEY (`id`);

--
-- Indexes for table `fix_report`
--
ALTER TABLE `fix_report`
  ADD PRIMARY KEY (`id`);

--
-- Indexes for table `laboratory`
--
ALTER TABLE `laboratory`
  ADD PRIMARY KEY (`lab_id`);

--
-- Indexes for table `logs`
--
ALTER TABLE `logs`
  ADD PRIMARY KEY (`id`);

--
-- Indexes for table `maintenance`
--
ALTER TABLE `maintenance`
  ADD PRIMARY KEY (`id`);

--
-- Indexes for table `peripherals`
--
ALTER TABLE `peripherals`
  ADD PRIMARY KEY (`peripheral_id`);

--
-- Indexes for table `stock_room`
--
ALTER TABLE `stock_room`
  ADD PRIMARY KEY (`id`);

--
-- Indexes for table `transaction_record`
--
ALTER TABLE `transaction_record`
  ADD PRIMARY KEY (`id`);

--
-- Indexes for table `unit_pc`
--
ALTER TABLE `unit_pc`
  ADD PRIMARY KEY (`unit_id`);

--
-- AUTO_INCREMENT for dumped tables
--

--
-- AUTO_INCREMENT for table `accounts`
--
ALTER TABLE `accounts`
  MODIFY `id` int(11) NOT NULL AUTO_INCREMENT, AUTO_INCREMENT=10;

--
-- AUTO_INCREMENT for table `aircon`
--
ALTER TABLE `aircon`
  MODIFY `id` int(11) NOT NULL AUTO_INCREMENT, AUTO_INCREMENT=20;

--
-- AUTO_INCREMENT for table `building`
--
ALTER TABLE `building`
  MODIFY `building_id` int(11) NOT NULL AUTO_INCREMENT, AUTO_INCREMENT=21;

--
-- AUTO_INCREMENT for table `context_logs`
--
ALTER TABLE `context_logs`
  MODIFY `id` int(11) NOT NULL AUTO_INCREMENT, AUTO_INCREMENT=234;

--
-- AUTO_INCREMENT for table `designation`
--
ALTER TABLE `designation`
  MODIFY `id` int(11) NOT NULL AUTO_INCREMENT, AUTO_INCREMENT=6;

--
-- AUTO_INCREMENT for table `equipment_transfer`
--
ALTER TABLE `equipment_transfer`
  MODIFY `id` int(11) NOT NULL AUTO_INCREMENT, AUTO_INCREMENT=21;

--
-- AUTO_INCREMENT for table `fixture`
--
ALTER TABLE `fixture`
  MODIFY `id` int(11) NOT NULL AUTO_INCREMENT, AUTO_INCREMENT=141;

--
-- AUTO_INCREMENT for table `fix_report`
--
ALTER TABLE `fix_report`
  MODIFY `id` int(11) NOT NULL AUTO_INCREMENT, AUTO_INCREMENT=16;

--
-- AUTO_INCREMENT for table `laboratory`
--
ALTER TABLE `laboratory`
  MODIFY `lab_id` int(11) NOT NULL AUTO_INCREMENT, AUTO_INCREMENT=31;

--
-- AUTO_INCREMENT for table `logs`
--
ALTER TABLE `logs`
  MODIFY `id` int(12) NOT NULL AUTO_INCREMENT;

--
-- AUTO_INCREMENT for table `maintenance`
--
ALTER TABLE `maintenance`
  MODIFY `id` int(11) NOT NULL AUTO_INCREMENT, AUTO_INCREMENT=8;

--
-- AUTO_INCREMENT for table `peripherals`
--
ALTER TABLE `peripherals`
  MODIFY `peripheral_id` int(11) NOT NULL AUTO_INCREMENT, AUTO_INCREMENT=1541;

--
-- AUTO_INCREMENT for table `stock_room`
--
ALTER TABLE `stock_room`
  MODIFY `id` int(11) NOT NULL AUTO_INCREMENT, AUTO_INCREMENT=12;

--
-- AUTO_INCREMENT for table `transaction_record`
--
ALTER TABLE `transaction_record`
  MODIFY `id` int(11) NOT NULL AUTO_INCREMENT, AUTO_INCREMENT=9;

--
-- AUTO_INCREMENT for table `unit_pc`
--
ALTER TABLE `unit_pc`
  MODIFY `unit_id` int(12) NOT NULL AUTO_INCREMENT, AUTO_INCREMENT=213;
COMMIT;

/*!40101 SET CHARACTER_SET_CLIENT=@OLD_CHARACTER_SET_CLIENT */;
/*!40101 SET CHARACTER_SET_RESULTS=@OLD_CHARACTER_SET_RESULTS */;
/*!40101 SET COLLATION_CONNECTION=@OLD_COLLATION_CONNECTION */;
